path,bytes,sha256
C:\lkc\phd sci\results\external_pmsm_validation\aggregate_summary.csv,3100,d21ae9068e39ecfb0c3d4b597fdf150f490079ccd0739bfc4b14a79cdad38cfa
C:\lkc\phd sci\results\external_pmsm_validation\run_metadata.json,14966,b4bf425e76393c9882e9a84088914cbcc362ac9c4a3cfadee6b7f60818b390a3
C:\lkc\phd sci\results\external_pmsm_validation\target_ledoit\system_block_predictions.csv,68631,e8fd6ad295abbea1370bb6de38c3b004feb56d9901e2541e1984a986d0a470fc
C:\lkc\phd sci\results\external_pmsm_validation\target_ledoit\fault_record_summary.csv,4828,8ddeb71f4d81d8a6337a220abbedce2a755b030f4744cbf6254e8fd21c3d8e3d
C:\lkc\phd sci\results\external_pmsm_validation\target_ledoit\summary.json,856,b8e750446ad919d50d5c472c4bfae9841c0cfd5dfe635721f31783553d5f8846
C:\lkc\phd sci\results\external_pmsm_validation\target_sample_covariance\system_block_predictions.csv,73515,a51a88fa4e1e1929f563fe8570f7cc1409d61b361f4446d75039e51f923498e9
C:\lkc\phd sci\results\external_pmsm_validation\target_sample_covariance\fault_record_summary.csv,4794,6dedf88b7340b02a6b56e720c1ab17582b5597838ae19a2a18df3c72fbfbf571
C:\lkc\phd sci\results\external_pmsm_validation\target_sample_covariance\summary.json,893,bc18478decbe28f49fc677a66b759aaa4f9de512a6b503687ec6c419887f51e1
C:\lkc\phd sci\results\external_pmsm_validation\source_covariance\system_block_predictions.csv,70753,9297941366155f9bcf746c1b8b7a9e54636ad2533da5436d9d132d1143bf23fe
C:\lkc\phd sci\results\external_pmsm_validation\source_covariance\fault_record_summary.csv,4886,190d82177e109ea40f2d39f3e5d6cabfbcc959f9782591cbe63d69913f0d567e
C:\lkc\phd sci\results\external_pmsm_validation\source_covariance\summary.json,867,814e4dfd2ed7645e66448623b5ece291955bb87b6cdc3df4327d70550dccec86
C:\lkc\phd sci\results\external_pmsm_validation\entity_balanced_covariance\system_block_predictions.csv,74576,e63f44d50cac9d23b6f4d20e0ec58b2a45509256dc647adfdc1d6bb09a60573c
C:\lkc\phd sci\results\external_pmsm_validation\entity_balanced_covariance\fault_record_summary.csv,4835,842ee4bf919ccf6e91c40d3c075fa3baea4e90986cfc0c044c9b7d9430ea8bc4
C:\lkc\phd sci\results\external_pmsm_validation\entity_balanced_covariance\summary.json,868,4bd807640902ecb72a64acbec394e50838e6bd8f458e9ff01c10a1f5f2b7c628
C:\lkc\phd sci\results\external_pmsm_validation\log_euclidean_entity_covariance\system_block_predictions.csv,76595,cfa44fb7ca770f8a73d3d2cfd9023222c61eaccac6be1222800fbc0e0268497f
C:\lkc\phd sci\results\external_pmsm_validation\log_euclidean_entity_covariance\fault_record_summary.csv,4841,f3d445cd6bf4b3888198f62babc4c144ac828d1dad4c807bd8c33718b7a10447
C:\lkc\phd sci\results\external_pmsm_validation\log_euclidean_entity_covariance\summary.json,863,2d8439a2ac0d8c92de916c8291d6c5f5d606c4da8d9b18951dadd3d93f8532e5
C:\lkc\phd sci\results\external_pmsm_validation\target_ocsvm_rbf\system_block_predictions.csv,71630,83e670a42fd19685421c784131778dacad40245141b159e69c6836326f5477c6
C:\lkc\phd sci\results\external_pmsm_validation\target_ocsvm_rbf\fault_record_summary.csv,4939,c5642bbfc14127c2149a8f485b9f6b567398d085ef5cf5de04723c57c32d6342
C:\lkc\phd sci\results\external_pmsm_validation\target_ocsvm_rbf\summary.json,889,1dd838285deb21fdaa7b4bb9531c4ae9653aebeec3ef67c0c84fec5fba9ede63
C:\lkc\phd sci\results\external_pmsm_validation\source_target_ocsvm_rbf\system_block_predictions.csv,74121,61b3f20e2d5b834a1a451a7b018ea63853bdedede9d7d2ea195c36601144702f
C:\lkc\phd sci\results\external_pmsm_validation\source_target_ocsvm_rbf\fault_record_summary.csv,4898,eb740fd6817237fab79ab0982d937a8892a0ea5d74c8851b64aceffda8e75ae3
C:\lkc\phd sci\results\external_pmsm_validation\source_target_ocsvm_rbf\summary.json,912,ab4e3b45656efceaa1f2a763c62c2efd9a895aa9c9320017cfce361325178477
C:\lkc\phd sci\results\external_pmsm_validation\target_isolation_forest\system_block_predictions.csv,73693,eb34048fe9bfe4ee7443aee7cdb5b89062adf4d9d7174019e65037b6e703160e
C:\lkc\phd sci\results\external_pmsm_validation\target_isolation_forest\fault_record_summary.csv,4876,45fb45dbbd401d3d2f364a6cdab5230f72e89826c0a1bff827163ac0bf244935
C:\lkc\phd sci\results\external_pmsm_validation\target_isolation_forest\summary.json,892,1f7a9b2761d0119e702beb52040029e30ef8c5a3d24e80bfaf5a22cf280bdcc8
C:\lkc\phd sci\results\external_pmsm_validation\source_target_isolation_forest\system_block_predictions.csv,76886,a56f1102e444a2d48720fc3f22ef05e7ec9701a321e5b38afeeded4569f69a56
C:\lkc\phd sci\results\external_pmsm_validation\source_target_isolation_forest\fault_record_summary.csv,4869,5bd592c7353ce9b17a3c743c27787086151a11650776d81fdaea1c20abf415e6
C:\lkc\phd sci\results\external_pmsm_validation\source_target_isolation_forest\summary.json,886,9dda2b58ccceca17b643557e2ae2cc83e602a64c5a063140fb5b2bd68355110b
C:\lkc\phd sci\results\external_pmsm_validation\target_min_cov_det\system_block_predictions.csv,70828,8121e47e91a06988748aba4793e5dcfe1f8ef8725af0a4b4f4df06fee5cb52c5
C:\lkc\phd sci\results\external_pmsm_validation\target_min_cov_det\fault_record_summary.csv,4805,466ca9894d79f40377a71a1faef69ca8731e562353d30d16cf58f6569fa1e6aa
C:\lkc\phd sci\results\external_pmsm_validation\target_min_cov_det\summary.json,854,72b2fadf7550d4be2407a52a0478db50a04822421ad67a75581fa0629eb09262
C:\lkc\phd sci\results\external_pmsm_validation\source_target_min_cov_det\system_block_predictions.csv,74183,c4238c1c5bc451a4772b4f65af5df30b7b413236334beba2605af3da7b2b63ee
C:\lkc\phd sci\results\external_pmsm_validation\source_target_min_cov_det\fault_record_summary.csv,4846,018d68d1dd63af906d8eb00662702bf63fa10b2ed9749b115b0fe6926f155745
C:\lkc\phd sci\results\external_pmsm_validation\source_target_min_cov_det\summary.json,894,c8003f901f685aee1266084be1164700f00b243227b4a62b9f51559085068092
