scope,check,passed,block_rows,fault_records
target_ledoit,grain_population_record_and_aggregate_reconciliation,True,448,48
target_sample_covariance,grain_population_record_and_aggregate_reconciliation,True,448,48
source_covariance,grain_population_record_and_aggregate_reconciliation,True,448,48
entity_balanced_covariance,grain_population_record_and_aggregate_reconciliation,True,448,48
log_euclidean_entity_covariance,grain_population_record_and_aggregate_reconciliation,True,448,48
target_ocsvm_rbf,grain_population_record_and_aggregate_reconciliation,True,448,48
source_target_ocsvm_rbf,grain_population_record_and_aggregate_reconciliation,True,448,48
target_isolation_forest,grain_population_record_and_aggregate_reconciliation,True,448,48
source_target_isolation_forest,grain_population_record_and_aggregate_reconciliation,True,448,48
target_min_cov_det,grain_population_record_and_aggregate_reconciliation,True,448,48
source_target_min_cov_det,grain_population_record_and_aggregate_reconciliation,True,448,48
