file,load_nm,variable,shape,elements,matlab_class,role
spd10-5000rpm_flt0z_0NM.mat,0,Currents_SubSys1_A,415001x1,415001,single,primary_abc_current
spd10-5000rpm_flt0z_0NM.mat,0,Currents_SubSys1_B,415001x1,415001,single,primary_abc_current
spd10-5000rpm_flt0z_0NM.mat,0,Currents_SubSys1_C,415001x1,415001,single,primary_abc_current
spd10-5000rpm_flt0z_0NM.mat,0,Currents_SubSys1_d,415001x1,415001,single,dq_current_not_scored
spd10-5000rpm_flt0z_0NM.mat,0,Currents_SubSys1_q,415001x1,415001,single,dq_current_not_scored
spd10-5000rpm_flt0z_0NM.mat,0,Currents_SubSys2_A,415001x1,415001,single,primary_abc_current
spd10-5000rpm_flt0z_0NM.mat,0,Currents_SubSys2_B,415001x1,415001,single,primary_abc_current
spd10-5000rpm_flt0z_0NM.mat,0,Currents_SubSys2_C,415001x1,415001,single,primary_abc_current
spd10-5000rpm_flt0z_0NM.mat,0,Currents_SubSys2_d,415001x1,415001,single,dq_current_not_scored
spd10-5000rpm_flt0z_0NM.mat,0,Currents_SubSys2_q,415001x1,415001,single,dq_current_not_scored
spd10-5000rpm_flt0z_0NM.mat,0,SinCos_Electrical_Cos,415001x1,415001,single,electrical_position_not_scored
spd10-5000rpm_flt0z_0NM.mat,0,SinCos_Electrical_Sin,415001x1,415001,single,electrical_position_not_scored
spd10-5000rpm_flt0z_0NM.mat,0,Speed_rad_el,415001x1,415001,single,speed_qc_not_scored
spd10-5000rpm_flt0z_0NM.mat,0,Speed_requred_rad_el,415001x1,415001,single,speed_qc_not_scored
spd10-5000rpm_flt0z_0NM.mat,0,Speed_requred_rpm,415001x1,415001,single,speed_qc_not_scored
spd10-5000rpm_flt0z_0NM.mat,0,Speed_rpm,415001x1,415001,single,speed_qc_not_scored
spd10-5000rpm_flt0z_0NM.mat,0,Time,415001x1,415001,double,timebase
spd10-5000rpm_flt0z_0NM.mat,0,Voltage_SubSys1_d,415001x1,415001,single,dq_control_voltage_not_scored
spd10-5000rpm_flt0z_0NM.mat,0,Voltage_SubSys1_q,415001x1,415001,single,dq_control_voltage_not_scored
spd10-5000rpm_flt0z_0NM.mat,0,Voltage_SubSys2_d,415001x1,415001,single,dq_control_voltage_not_scored
spd10-5000rpm_flt0z_0NM.mat,0,Voltage_SubSys2_q,415001x1,415001,single,dq_control_voltage_not_scored
spd10-5000rpm_flt0z_5NM.mat,5,Currents_SubSys1_A,415001x1,415001,single,primary_abc_current
spd10-5000rpm_flt0z_5NM.mat,5,Currents_SubSys1_B,415001x1,415001,single,primary_abc_current
spd10-5000rpm_flt0z_5NM.mat,5,Currents_SubSys1_C,415001x1,415001,single,primary_abc_current
spd10-5000rpm_flt0z_5NM.mat,5,Currents_SubSys1_d,415001x1,415001,single,dq_current_not_scored
spd10-5000rpm_flt0z_5NM.mat,5,Currents_SubSys1_q,415001x1,415001,single,dq_current_not_scored
spd10-5000rpm_flt0z_5NM.mat,5,Currents_SubSys2_A,415001x1,415001,single,primary_abc_current
spd10-5000rpm_flt0z_5NM.mat,5,Currents_SubSys2_B,415001x1,415001,single,primary_abc_current
spd10-5000rpm_flt0z_5NM.mat,5,Currents_SubSys2_C,415001x1,415001,single,primary_abc_current
spd10-5000rpm_flt0z_5NM.mat,5,Currents_SubSys2_d,415001x1,415001,single,dq_current_not_scored
spd10-5000rpm_flt0z_5NM.mat,5,Currents_SubSys2_q,415001x1,415001,single,dq_current_not_scored
spd10-5000rpm_flt0z_5NM.mat,5,SinCos_Electrical_Cos,415001x1,415001,single,electrical_position_not_scored
spd10-5000rpm_flt0z_5NM.mat,5,SinCos_Electrical_Sin,415001x1,415001,single,electrical_position_not_scored
spd10-5000rpm_flt0z_5NM.mat,5,Speed_rad_el,415001x1,415001,single,speed_qc_not_scored
spd10-5000rpm_flt0z_5NM.mat,5,Speed_requred_rad_el,415001x1,415001,single,speed_qc_not_scored
spd10-5000rpm_flt0z_5NM.mat,5,Speed_requred_rpm,415001x1,415001,single,speed_qc_not_scored
spd10-5000rpm_flt0z_5NM.mat,5,Speed_rpm,415001x1,415001,single,speed_qc_not_scored
spd10-5000rpm_flt0z_5NM.mat,5,Time,415001x1,415001,double,timebase
spd10-5000rpm_flt0z_5NM.mat,5,Voltage_SubSys1_d,415001x1,415001,single,dq_control_voltage_not_scored
spd10-5000rpm_flt0z_5NM.mat,5,Voltage_SubSys1_q,415001x1,415001,single,dq_control_voltage_not_scored
spd10-5000rpm_flt0z_5NM.mat,5,Voltage_SubSys2_d,415001x1,415001,single,dq_control_voltage_not_scored
spd10-5000rpm_flt0z_5NM.mat,5,Voltage_SubSys2_q,415001x1,415001,single,dq_control_voltage_not_scored
spd10-5000rpm_flt0z_10NM.mat,10,Currents_SubSys1_A,415001x1,415001,single,primary_abc_current
spd10-5000rpm_flt0z_10NM.mat,10,Currents_SubSys1_B,415001x1,415001,single,primary_abc_current
spd10-5000rpm_flt0z_10NM.mat,10,Currents_SubSys1_C,415001x1,415001,single,primary_abc_current
spd10-5000rpm_flt0z_10NM.mat,10,Currents_SubSys1_d,415001x1,415001,single,dq_current_not_scored
spd10-5000rpm_flt0z_10NM.mat,10,Currents_SubSys1_q,415001x1,415001,single,dq_current_not_scored
spd10-5000rpm_flt0z_10NM.mat,10,Currents_SubSys2_A,415001x1,415001,single,primary_abc_current
spd10-5000rpm_flt0z_10NM.mat,10,Currents_SubSys2_B,415001x1,415001,single,primary_abc_current
spd10-5000rpm_flt0z_10NM.mat,10,Currents_SubSys2_C,415001x1,415001,single,primary_abc_current
spd10-5000rpm_flt0z_10NM.mat,10,Currents_SubSys2_d,415001x1,415001,single,dq_current_not_scored
spd10-5000rpm_flt0z_10NM.mat,10,Currents_SubSys2_q,415001x1,415001,single,dq_current_not_scored
spd10-5000rpm_flt0z_10NM.mat,10,SinCos_Electrical_Cos,415001x1,415001,single,electrical_position_not_scored
spd10-5000rpm_flt0z_10NM.mat,10,SinCos_Electrical_Sin,415001x1,415001,single,electrical_position_not_scored
spd10-5000rpm_flt0z_10NM.mat,10,Speed_rad_el,415001x1,415001,single,speed_qc_not_scored
spd10-5000rpm_flt0z_10NM.mat,10,Speed_requred_rad_el,415001x1,415001,single,speed_qc_not_scored
spd10-5000rpm_flt0z_10NM.mat,10,Speed_requred_rpm,415001x1,415001,single,speed_qc_not_scored
spd10-5000rpm_flt0z_10NM.mat,10,Speed_rpm,415001x1,415001,single,speed_qc_not_scored
spd10-5000rpm_flt0z_10NM.mat,10,Time,415001x1,415001,double,timebase
spd10-5000rpm_flt0z_10NM.mat,10,Voltage_SubSys1_d,415001x1,415001,single,dq_control_voltage_not_scored
spd10-5000rpm_flt0z_10NM.mat,10,Voltage_SubSys1_q,415001x1,415001,single,dq_control_voltage_not_scored
spd10-5000rpm_flt0z_10NM.mat,10,Voltage_SubSys2_d,415001x1,415001,single,dq_control_voltage_not_scored
spd10-5000rpm_flt0z_10NM.mat,10,Voltage_SubSys2_q,415001x1,415001,single,dq_control_voltage_not_scored
spd10-5000rpm_flt0z_15NM.mat,15,Currents_SubSys1_A,415001x1,415001,single,primary_abc_current
spd10-5000rpm_flt0z_15NM.mat,15,Currents_SubSys1_B,415001x1,415001,single,primary_abc_current
spd10-5000rpm_flt0z_15NM.mat,15,Currents_SubSys1_C,415001x1,415001,single,primary_abc_current
spd10-5000rpm_flt0z_15NM.mat,15,Currents_SubSys1_d,415001x1,415001,single,dq_current_not_scored
spd10-5000rpm_flt0z_15NM.mat,15,Currents_SubSys1_q,415001x1,415001,single,dq_current_not_scored
spd10-5000rpm_flt0z_15NM.mat,15,Currents_SubSys2_A,415001x1,415001,single,primary_abc_current
spd10-5000rpm_flt0z_15NM.mat,15,Currents_SubSys2_B,415001x1,415001,single,primary_abc_current
spd10-5000rpm_flt0z_15NM.mat,15,Currents_SubSys2_C,415001x1,415001,single,primary_abc_current
spd10-5000rpm_flt0z_15NM.mat,15,Currents_SubSys2_d,415001x1,415001,single,dq_current_not_scored
spd10-5000rpm_flt0z_15NM.mat,15,Currents_SubSys2_q,415001x1,415001,single,dq_current_not_scored
spd10-5000rpm_flt0z_15NM.mat,15,SinCos_Electrical_Cos,415001x1,415001,single,electrical_position_not_scored
spd10-5000rpm_flt0z_15NM.mat,15,SinCos_Electrical_Sin,415001x1,415001,single,electrical_position_not_scored
spd10-5000rpm_flt0z_15NM.mat,15,Speed_rad_el,415001x1,415001,single,speed_qc_not_scored
spd10-5000rpm_flt0z_15NM.mat,15,Speed_requred_rad_el,415001x1,415001,single,speed_qc_not_scored
spd10-5000rpm_flt0z_15NM.mat,15,Speed_requred_rpm,415001x1,415001,single,speed_qc_not_scored
spd10-5000rpm_flt0z_15NM.mat,15,Speed_rpm,415001x1,415001,single,speed_qc_not_scored
spd10-5000rpm_flt0z_15NM.mat,15,Time,415001x1,415001,double,timebase
spd10-5000rpm_flt0z_15NM.mat,15,Voltage_SubSys1_d,415001x1,415001,single,dq_control_voltage_not_scored
spd10-5000rpm_flt0z_15NM.mat,15,Voltage_SubSys1_q,415001x1,415001,single,dq_control_voltage_not_scored
spd10-5000rpm_flt0z_15NM.mat,15,Voltage_SubSys2_d,415001x1,415001,single,dq_control_voltage_not_scored
spd10-5000rpm_flt0z_15NM.mat,15,Voltage_SubSys2_q,415001x1,415001,single,dq_control_voltage_not_scored
spd10-5000rpm_flt0z_20NM.mat,20,Currents_SubSys1_A,415001x1,415001,single,primary_abc_current
spd10-5000rpm_flt0z_20NM.mat,20,Currents_SubSys1_B,415001x1,415001,single,primary_abc_current
spd10-5000rpm_flt0z_20NM.mat,20,Currents_SubSys1_C,415001x1,415001,single,primary_abc_current
spd10-5000rpm_flt0z_20NM.mat,20,Currents_SubSys1_d,415001x1,415001,single,dq_current_not_scored
spd10-5000rpm_flt0z_20NM.mat,20,Currents_SubSys1_q,415001x1,415001,single,dq_current_not_scored
spd10-5000rpm_flt0z_20NM.mat,20,Currents_SubSys2_A,415001x1,415001,single,primary_abc_current
spd10-5000rpm_flt0z_20NM.mat,20,Currents_SubSys2_B,415001x1,415001,single,primary_abc_current
spd10-5000rpm_flt0z_20NM.mat,20,Currents_SubSys2_C,415001x1,415001,single,primary_abc_current
spd10-5000rpm_flt0z_20NM.mat,20,Currents_SubSys2_d,415001x1,415001,single,dq_current_not_scored
spd10-5000rpm_flt0z_20NM.mat,20,Currents_SubSys2_q,415001x1,415001,single,dq_current_not_scored
spd10-5000rpm_flt0z_20NM.mat,20,SinCos_Electrical_Cos,415001x1,415001,single,electrical_position_not_scored
spd10-5000rpm_flt0z_20NM.mat,20,SinCos_Electrical_Sin,415001x1,415001,single,electrical_position_not_scored
spd10-5000rpm_flt0z_20NM.mat,20,Speed_rad_el,415001x1,415001,single,speed_qc_not_scored
spd10-5000rpm_flt0z_20NM.mat,20,Speed_requred_rad_el,415001x1,415001,single,speed_qc_not_scored
spd10-5000rpm_flt0z_20NM.mat,20,Speed_requred_rpm,415001x1,415001,single,speed_qc_not_scored
spd10-5000rpm_flt0z_20NM.mat,20,Speed_rpm,415001x1,415001,single,speed_qc_not_scored
spd10-5000rpm_flt0z_20NM.mat,20,Time,415001x1,415001,double,timebase
spd10-5000rpm_flt0z_20NM.mat,20,Voltage_SubSys1_d,415001x1,415001,single,dq_control_voltage_not_scored
spd10-5000rpm_flt0z_20NM.mat,20,Voltage_SubSys1_q,415001x1,415001,single,dq_control_voltage_not_scored
spd10-5000rpm_flt0z_20NM.mat,20,Voltage_SubSys2_d,415001x1,415001,single,dq_control_voltage_not_scored
spd10-5000rpm_flt0z_20NM.mat,20,Voltage_SubSys2_q,415001x1,415001,single,dq_control_voltage_not_scored
spd10-5000rpm_flt0z_25NM.mat,25,Currents_SubSys1_A,415001x1,415001,single,primary_abc_current
spd10-5000rpm_flt0z_25NM.mat,25,Currents_SubSys1_B,415001x1,415001,single,primary_abc_current
spd10-5000rpm_flt0z_25NM.mat,25,Currents_SubSys1_C,415001x1,415001,single,primary_abc_current
spd10-5000rpm_flt0z_25NM.mat,25,Currents_SubSys1_d,415001x1,415001,single,dq_current_not_scored
spd10-5000rpm_flt0z_25NM.mat,25,Currents_SubSys1_q,415001x1,415001,single,dq_current_not_scored
spd10-5000rpm_flt0z_25NM.mat,25,Currents_SubSys2_A,415001x1,415001,single,primary_abc_current
spd10-5000rpm_flt0z_25NM.mat,25,Currents_SubSys2_B,415001x1,415001,single,primary_abc_current
spd10-5000rpm_flt0z_25NM.mat,25,Currents_SubSys2_C,415001x1,415001,single,primary_abc_current
spd10-5000rpm_flt0z_25NM.mat,25,Currents_SubSys2_d,415001x1,415001,single,dq_current_not_scored
spd10-5000rpm_flt0z_25NM.mat,25,Currents_SubSys2_q,415001x1,415001,single,dq_current_not_scored
spd10-5000rpm_flt0z_25NM.mat,25,SinCos_Electrical_Cos,415001x1,415001,single,electrical_position_not_scored
spd10-5000rpm_flt0z_25NM.mat,25,SinCos_Electrical_Sin,415001x1,415001,single,electrical_position_not_scored
spd10-5000rpm_flt0z_25NM.mat,25,Speed_rad_el,415001x1,415001,single,speed_qc_not_scored
spd10-5000rpm_flt0z_25NM.mat,25,Speed_requred_rad_el,415001x1,415001,single,speed_qc_not_scored
spd10-5000rpm_flt0z_25NM.mat,25,Speed_requred_rpm,415001x1,415001,single,speed_qc_not_scored
spd10-5000rpm_flt0z_25NM.mat,25,Speed_rpm,415001x1,415001,single,speed_qc_not_scored
spd10-5000rpm_flt0z_25NM.mat,25,Time,415001x1,415001,double,timebase
spd10-5000rpm_flt0z_25NM.mat,25,Voltage_SubSys1_d,415001x1,415001,single,dq_control_voltage_not_scored
spd10-5000rpm_flt0z_25NM.mat,25,Voltage_SubSys1_q,415001x1,415001,single,dq_control_voltage_not_scored
spd10-5000rpm_flt0z_25NM.mat,25,Voltage_SubSys2_d,415001x1,415001,single,dq_control_voltage_not_scored
spd10-5000rpm_flt0z_25NM.mat,25,Voltage_SubSys2_q,415001x1,415001,single,dq_control_voltage_not_scored
spd10-5000rpm_flt0z_30NM.mat,30,Currents_SubSys1_A,415001x1,415001,single,primary_abc_current
spd10-5000rpm_flt0z_30NM.mat,30,Currents_SubSys1_B,415001x1,415001,single,primary_abc_current
spd10-5000rpm_flt0z_30NM.mat,30,Currents_SubSys1_C,415001x1,415001,single,primary_abc_current
spd10-5000rpm_flt0z_30NM.mat,30,Currents_SubSys1_d,415001x1,415001,single,dq_current_not_scored
spd10-5000rpm_flt0z_30NM.mat,30,Currents_SubSys1_q,415001x1,415001,single,dq_current_not_scored
spd10-5000rpm_flt0z_30NM.mat,30,Currents_SubSys2_A,415001x1,415001,single,primary_abc_current
spd10-5000rpm_flt0z_30NM.mat,30,Currents_SubSys2_B,415001x1,415001,single,primary_abc_current
spd10-5000rpm_flt0z_30NM.mat,30,Currents_SubSys2_C,415001x1,415001,single,primary_abc_current
spd10-5000rpm_flt0z_30NM.mat,30,Currents_SubSys2_d,415001x1,415001,single,dq_current_not_scored
spd10-5000rpm_flt0z_30NM.mat,30,Currents_SubSys2_q,415001x1,415001,single,dq_current_not_scored
spd10-5000rpm_flt0z_30NM.mat,30,SinCos_Electrical_Cos,415001x1,415001,single,electrical_position_not_scored
spd10-5000rpm_flt0z_30NM.mat,30,SinCos_Electrical_Sin,415001x1,415001,single,electrical_position_not_scored
spd10-5000rpm_flt0z_30NM.mat,30,Speed_rad_el,415001x1,415001,single,speed_qc_not_scored
spd10-5000rpm_flt0z_30NM.mat,30,Speed_requred_rad_el,415001x1,415001,single,speed_qc_not_scored
spd10-5000rpm_flt0z_30NM.mat,30,Speed_requred_rpm,415001x1,415001,single,speed_qc_not_scored
spd10-5000rpm_flt0z_30NM.mat,30,Speed_rpm,415001x1,415001,single,speed_qc_not_scored
spd10-5000rpm_flt0z_30NM.mat,30,Time,415001x1,415001,double,timebase
spd10-5000rpm_flt0z_30NM.mat,30,Voltage_SubSys1_d,415001x1,415001,single,dq_control_voltage_not_scored
spd10-5000rpm_flt0z_30NM.mat,30,Voltage_SubSys1_q,415001x1,415001,single,dq_control_voltage_not_scored
spd10-5000rpm_flt0z_30NM.mat,30,Voltage_SubSys2_d,415001x1,415001,single,dq_control_voltage_not_scored
spd10-5000rpm_flt0z_30NM.mat,30,Voltage_SubSys2_q,415001x1,415001,single,dq_control_voltage_not_scored
spd10-5000rpm_flt0z_35NM.mat,35,Currents_SubSys1_A,415001x1,415001,single,primary_abc_current
spd10-5000rpm_flt0z_35NM.mat,35,Currents_SubSys1_B,415001x1,415001,single,primary_abc_current
spd10-5000rpm_flt0z_35NM.mat,35,Currents_SubSys1_C,415001x1,415001,single,primary_abc_current
spd10-5000rpm_flt0z_35NM.mat,35,Currents_SubSys1_d,415001x1,415001,single,dq_current_not_scored
spd10-5000rpm_flt0z_35NM.mat,35,Currents_SubSys1_q,415001x1,415001,single,dq_current_not_scored
spd10-5000rpm_flt0z_35NM.mat,35,Currents_SubSys2_A,415001x1,415001,single,primary_abc_current
spd10-5000rpm_flt0z_35NM.mat,35,Currents_SubSys2_B,415001x1,415001,single,primary_abc_current
spd10-5000rpm_flt0z_35NM.mat,35,Currents_SubSys2_C,415001x1,415001,single,primary_abc_current
spd10-5000rpm_flt0z_35NM.mat,35,Currents_SubSys2_d,415001x1,415001,single,dq_current_not_scored
spd10-5000rpm_flt0z_35NM.mat,35,Currents_SubSys2_q,415001x1,415001,single,dq_current_not_scored
spd10-5000rpm_flt0z_35NM.mat,35,SinCos_Electrical_Cos,415001x1,415001,single,electrical_position_not_scored
spd10-5000rpm_flt0z_35NM.mat,35,SinCos_Electrical_Sin,415001x1,415001,single,electrical_position_not_scored
spd10-5000rpm_flt0z_35NM.mat,35,Speed_rad_el,415001x1,415001,single,speed_qc_not_scored
spd10-5000rpm_flt0z_35NM.mat,35,Speed_requred_rad_el,415001x1,415001,single,speed_qc_not_scored
spd10-5000rpm_flt0z_35NM.mat,35,Speed_requred_rpm,415001x1,415001,single,speed_qc_not_scored
spd10-5000rpm_flt0z_35NM.mat,35,Speed_rpm,415001x1,415001,single,speed_qc_not_scored
spd10-5000rpm_flt0z_35NM.mat,35,Time,415001x1,415001,double,timebase
spd10-5000rpm_flt0z_35NM.mat,35,Voltage_SubSys1_d,415001x1,415001,single,dq_control_voltage_not_scored
spd10-5000rpm_flt0z_35NM.mat,35,Voltage_SubSys1_q,415001x1,415001,single,dq_control_voltage_not_scored
spd10-5000rpm_flt0z_35NM.mat,35,Voltage_SubSys2_d,415001x1,415001,single,dq_control_voltage_not_scored
spd10-5000rpm_flt0z_35NM.mat,35,Voltage_SubSys2_q,415001x1,415001,single,dq_control_voltage_not_scored
