feature,feature_family,population,independent_motors,record_subsystem_block_units,spearman_raw_vs_speed_proxy,spearman_robust_z_vs_speed_proxy,speed_proxy,inferential_p_value_claimed
clarke_radius_cv,current_shape,fault,1,768,0.40588276946410806,0.43163139540633266,fundamental_hz (electrical-frequency proxy),False
clarke_radius_cv,current_shape,healthy_adaptation,1,8,-0.7807200583588266,-0.7319250547114,fundamental_hz (electrical-frequency proxy),False
clarke_radius_cv,current_shape,healthy_all,1,128,0.234143647339874,0.13387444422663622,fundamental_hz (electrical-frequency proxy),False
clarke_radius_cv,current_shape,healthy_calibration,1,48,0.3672785106180731,0.18156361827698916,fundamental_hz (electrical-frequency proxy),False
clarke_radius_cv,current_shape,healthy_health_test,1,64,0.31380230788559504,0.20560732713443836,fundamental_hz (electrical-frequency proxy),False
clarke_radius_cv,current_shape,healthy_unused,1,8,0.18184824186332701,0.2667107547328796,fundamental_hz (electrical-frequency proxy),False
crest_a,current_shape,fault,1,768,0.26062816688297796,0.13456379731456994,fundamental_hz (electrical-frequency proxy),False
crest_a,current_shape,healthy_adaptation,1,8,0.3903600291794133,0.7319250547114,fundamental_hz (electrical-frequency proxy),False
crest_a,current_shape,healthy_all,1,128,0.27033766847570323,0.13556578050795765,fundamental_hz (electrical-frequency proxy),False
crest_a,current_shape,healthy_calibration,1,48,0.42441315102653604,0.22657216865612242,fundamental_hz (electrical-frequency proxy),False
crest_a,current_shape,healthy_health_test,1,64,0.3508503336623966,0.19104616277440195,fundamental_hz (electrical-frequency proxy),False
crest_a,current_shape,healthy_unused,1,8,-0.24246432248443597,-0.29095718698132317,fundamental_hz (electrical-frequency proxy),False
crest_b,current_shape,fault,1,768,0.2694468614730145,0.16083263006872328,fundamental_hz (electrical-frequency proxy),False
crest_b,current_shape,healthy_adaptation,1,8,0.3903600291794133,0.3415650255319867,fundamental_hz (electrical-frequency proxy),False
crest_b,current_shape,healthy_all,1,128,0.27416618648665364,0.1343548067419095,fundamental_hz (electrical-frequency proxy),False
crest_b,current_shape,healthy_calibration,1,48,0.42441315102653604,0.21761415620202312,fundamental_hz (electrical-frequency proxy),False
crest_b,current_shape,healthy_health_test,1,64,0.35720932316139986,0.18841962363350928,fundamental_hz (electrical-frequency proxy),False
crest_b,current_shape,healthy_unused,1,8,0.12123216124221799,0.1576018096148834,fundamental_hz (electrical-frequency proxy),False
crest_c,current_shape,fault,1,768,0.4219042098076481,0.40390787180193766,fundamental_hz (electrical-frequency proxy),False
crest_c,current_shape,healthy_adaptation,1,8,0.6831300510639734,0.5855400437691199,fundamental_hz (electrical-frequency proxy),False
crest_c,current_shape,healthy_all,1,128,0.26737207713889644,0.25687025951456893,fundamental_hz (electrical-frequency proxy),False
crest_c,current_shape,healthy_calibration,1,48,0.41316101343175266,0.38027855308194897,fundamental_hz (electrical-frequency proxy),False
crest_c,current_shape,healthy_health_test,1,64,0.392690641380476,0.38370511274058006,fundamental_hz (electrical-frequency proxy),False
crest_c,current_shape,healthy_unused,1,8,-0.5212982933415373,-0.424312564347763,fundamental_hz (electrical-frequency proxy),False
fundamental_amplitude_cv,current_shape,fault,1,768,0.4271065708811642,0.403768039422578,fundamental_hz (electrical-frequency proxy),False
fundamental_amplitude_cv,current_shape,healthy_adaptation,1,8,-0.3903600291794133,-0.29277002188455997,fundamental_hz (electrical-frequency proxy),False
fundamental_amplitude_cv,current_shape,healthy_all,1,128,0.5981893997830766,0.5441615607149466,fundamental_hz (electrical-frequency proxy),False
fundamental_amplitude_cv,current_shape,healthy_calibration,1,48,0.8004311859900718,0.7305149912263698,fundamental_hz (electrical-frequency proxy),False
fundamental_amplitude_cv,current_shape,healthy_health_test,1,64,0.7498538849078251,0.6899042810078017,fundamental_hz (electrical-frequency proxy),False
fundamental_amplitude_cv,current_shape,healthy_unused,1,8,0.47280542884465016,0.7031465352048644,fundamental_hz (electrical-frequency proxy),False
fundamental_hz,speed_proxy,fault,1,768,0.9999999999999999,0.9999999999999999,fundamental_hz (electrical-frequency proxy),False
fundamental_hz,speed_proxy,healthy_adaptation,1,8,1.0,1.0,fundamental_hz (electrical-frequency proxy),False
fundamental_hz,speed_proxy,healthy_all,1,128,1.0,1.0,fundamental_hz (electrical-frequency proxy),False
fundamental_hz,speed_proxy,healthy_calibration,1,48,1.0,1.0,fundamental_hz (electrical-frequency proxy),False
fundamental_hz,speed_proxy,healthy_health_test,1,64,1.0,1.0,fundamental_hz (electrical-frequency proxy),False
fundamental_hz,speed_proxy,healthy_unused,1,8,1.0,1.0,fundamental_hz (electrical-frequency proxy),False
harmonic_2_ratio_max,harmonic_sideband,fault,1,768,0.053035035206570026,0.01679440007353621,fundamental_hz (electrical-frequency proxy),False
harmonic_2_ratio_max,harmonic_sideband,healthy_adaptation,1,8,-0.7807200583588266,-0.7807200583588266,fundamental_hz (electrical-frequency proxy),False
harmonic_2_ratio_max,harmonic_sideband,healthy_all,1,128,0.04961540734100916,0.019982505350918348,fundamental_hz (electrical-frequency proxy),False
harmonic_2_ratio_max,harmonic_sideband,healthy_calibration,1,48,0.06947921854642906,0.041403496586629895,fundamental_hz (electrical-frequency proxy),False
harmonic_2_ratio_max,harmonic_sideband,healthy_health_test,1,64,0.07160775131486267,0.04078047613491213,fundamental_hz (electrical-frequency proxy),False
harmonic_2_ratio_max,harmonic_sideband,healthy_unused,1,8,0.8001322641986388,0.8001322641986388,fundamental_hz (electrical-frequency proxy),False
harmonic_2_ratio_mean,harmonic_sideband,fault,1,768,0.02160622652921972,0.020090095187751913,fundamental_hz (electrical-frequency proxy),False
harmonic_2_ratio_mean,harmonic_sideband,healthy_adaptation,1,8,-0.7807200583588266,-0.7807200583588266,fundamental_hz (electrical-frequency proxy),False
harmonic_2_ratio_mean,harmonic_sideband,healthy_all,1,128,0.02787828441933218,0.003503482297022967,fundamental_hz (electrical-frequency proxy),False
harmonic_2_ratio_mean,harmonic_sideband,healthy_calibration,1,48,0.05309261039868636,0.03321019251275854,fundamental_hz (electrical-frequency proxy),False
harmonic_2_ratio_mean,harmonic_sideband,healthy_health_test,1,64,0.03916768894313595,0.015344518138899142,fundamental_hz (electrical-frequency proxy),False
harmonic_2_ratio_mean,harmonic_sideband,healthy_unused,1,8,0.7395161835775298,0.7395161835775298,fundamental_hz (electrical-frequency proxy),False
harmonic_3_ratio_max,harmonic_sideband,fault,1,768,0.5090698640055688,0.5492451407397066,fundamental_hz (electrical-frequency proxy),False
harmonic_3_ratio_max,harmonic_sideband,healthy_adaptation,1,8,-0.43915503282683993,-0.6831300510639734,fundamental_hz (electrical-frequency proxy),False
harmonic_3_ratio_max,harmonic_sideband,healthy_all,1,128,-0.21119555065214884,-0.17884442963850575,fundamental_hz (electrical-frequency proxy),False
harmonic_3_ratio_max,harmonic_sideband,healthy_calibration,1,48,-0.3124379953502942,-0.23498396083863035,fundamental_hz (electrical-frequency proxy),False
harmonic_3_ratio_max,harmonic_sideband,healthy_health_test,1,64,-0.22832458672145722,-0.19307366667263487,fundamental_hz (electrical-frequency proxy),False
harmonic_3_ratio_max,harmonic_sideband,healthy_unused,1,8,0.7031465352048644,0.666776886832199,fundamental_hz (electrical-frequency proxy),False
harmonic_3_ratio_mean,harmonic_sideband,fault,1,768,0.5012699310587367,0.5383923850495894,fundamental_hz (electrical-frequency proxy),False
harmonic_3_ratio_mean,harmonic_sideband,healthy_adaptation,1,8,-0.6831300510639734,-0.6831300510639734,fundamental_hz (electrical-frequency proxy),False
harmonic_3_ratio_mean,harmonic_sideband,healthy_all,1,128,-0.20152501905724637,-0.16363390879560144,fundamental_hz (electrical-frequency proxy),False
harmonic_3_ratio_mean,harmonic_sideband,healthy_calibration,1,48,-0.2595638730602444,-0.1860426245040388,fundamental_hz (electrical-frequency proxy),False
harmonic_3_ratio_mean,harmonic_sideband,healthy_health_test,1,64,-0.2249607734357526,-0.18491757144565243,fundamental_hz (electrical-frequency proxy),False
harmonic_3_ratio_mean,harmonic_sideband,healthy_unused,1,8,0.8001322641986388,0.8001322641986388,fundamental_hz (electrical-frequency proxy),False
harmonic_4_ratio_max,harmonic_sideband,fault,1,768,-0.32965272373836124,-0.2833261805547269,fundamental_hz (electrical-frequency proxy),False
harmonic_4_ratio_max,harmonic_sideband,healthy_adaptation,1,8,0.29277002188455997,-0.048795003647426664,fundamental_hz (electrical-frequency proxy),False
harmonic_4_ratio_max,harmonic_sideband,healthy_all,1,128,-0.34925518924838145,-0.2788403726382647,fundamental_hz (electrical-frequency proxy),False
harmonic_4_ratio_max,harmonic_sideband,healthy_calibration,1,48,-0.5059092155479764,-0.41294252532311604,fundamental_hz (electrical-frequency proxy),False
harmonic_4_ratio_max,harmonic_sideband,healthy_health_test,1,64,-0.40577725745088844,-0.31338759117913834,fundamental_hz (electrical-frequency proxy),False
harmonic_4_ratio_max,harmonic_sideband,healthy_unused,1,8,0.7516393997017515,0.8122554803228605,fundamental_hz (electrical-frequency proxy),False
harmonic_4_ratio_mean,harmonic_sideband,fault,1,768,-0.34757762086079735,-0.3426472544716732,fundamental_hz (electrical-frequency proxy),False
harmonic_4_ratio_mean,harmonic_sideband,healthy_adaptation,1,8,0.09759000729485333,0.09759000729485333,fundamental_hz (electrical-frequency proxy),False
harmonic_4_ratio_mean,harmonic_sideband,healthy_all,1,128,-0.36435640604589425,-0.35608381566310443,fundamental_hz (electrical-frequency proxy),False
harmonic_4_ratio_mean,harmonic_sideband,healthy_calibration,1,48,-0.5011024771579718,-0.5018671855381999,fundamental_hz (electrical-frequency proxy),False
harmonic_4_ratio_mean,harmonic_sideband,healthy_health_test,1,64,-0.43264168410247467,-0.4246699074116952,fundamental_hz (electrical-frequency proxy),False
harmonic_4_ratio_mean,harmonic_sideband,healthy_unused,1,8,0.788009048074417,0.788009048074417,fundamental_hz (electrical-frequency proxy),False
harmonic_5_ratio_max,harmonic_sideband,fault,1,768,-0.604517986711778,-0.562494861237617,fundamental_hz (electrical-frequency proxy),False
harmonic_5_ratio_max,harmonic_sideband,healthy_adaptation,1,8,-0.7807200583588266,-0.6343350474165467,fundamental_hz (electrical-frequency proxy),False
harmonic_5_ratio_max,harmonic_sideband,healthy_all,1,128,-0.6628830125436213,-0.6481355956825074,fundamental_hz (electrical-frequency proxy),False
harmonic_5_ratio_max,harmonic_sideband,healthy_calibration,1,48,-0.8809440540226477,-0.8625910528971759,fundamental_hz (electrical-frequency proxy),False
harmonic_5_ratio_max,harmonic_sideband,healthy_health_test,1,64,-0.8143653725788725,-0.7984678988313644,fundamental_hz (electrical-frequency proxy),False
harmonic_5_ratio_max,harmonic_sideband,healthy_unused,1,8,0.848625128695526,0.788009048074417,fundamental_hz (electrical-frequency proxy),False
harmonic_5_ratio_mean,harmonic_sideband,fault,1,768,-0.6701512255297781,-0.6348481504544488,fundamental_hz (electrical-frequency proxy),False
harmonic_5_ratio_mean,harmonic_sideband,healthy_adaptation,1,8,-0.8295150620062534,-0.8783100656536799,fundamental_hz (electrical-frequency proxy),False
harmonic_5_ratio_mean,harmonic_sideband,healthy_all,1,128,-0.6797273412229042,-0.6316824604288364,fundamental_hz (electrical-frequency proxy),False
harmonic_5_ratio_mean,harmonic_sideband,healthy_calibration,1,48,-0.892633167834704,-0.8270867352437333,fundamental_hz (electrical-frequency proxy),False
harmonic_5_ratio_mean,harmonic_sideband,healthy_health_test,1,64,-0.8507222038449128,-0.790311803604382,fundamental_hz (electrical-frequency proxy),False
harmonic_5_ratio_mean,harmonic_sideband,healthy_unused,1,8,0.7637626158259734,0.7637626158259734,fundamental_hz (electrical-frequency proxy),False
kurtosis_a,current_shape,fault,1,768,-0.1430882992794095,-0.04827647315593733,fundamental_hz (electrical-frequency proxy),False
kurtosis_a,current_shape,healthy_adaptation,1,8,0.43915503282683993,0.8295150620062534,fundamental_hz (electrical-frequency proxy),False
kurtosis_a,current_shape,healthy_all,1,128,-0.050245343813133975,-0.0485511311095654,fundamental_hz (electrical-frequency proxy),False
kurtosis_a,current_shape,healthy_calibration,1,48,-0.016823584365015843,-0.035285829544805955,fundamental_hz (electrical-frequency proxy),False
kurtosis_a,current_shape,healthy_health_test,1,64,-0.048660093557590066,-0.04078047613491213,fundamental_hz (electrical-frequency proxy),False
kurtosis_a,current_shape,healthy_unused,1,8,0.0484928644968872,0.4606822127204283,fundamental_hz (electrical-frequency proxy),False
kurtosis_b,current_shape,fault,1,768,-0.1133085565824326,-0.0372926071327875,fundamental_hz (electrical-frequency proxy),False
kurtosis_b,current_shape,healthy_adaptation,1,8,0.8295150620062534,0.7807200583588266,fundamental_hz (electrical-frequency proxy),False
kurtosis_b,current_shape,healthy_all,1,128,0.028401793268312624,0.058391371617049444,fundamental_hz (electrical-frequency proxy),False
kurtosis_b,current_shape,healthy_calibration,1,48,0.035395073599124235,0.035285829544805955,fundamental_hz (electrical-frequency proxy),False
kurtosis_b,current_shape,healthy_health_test,1,64,0.0593044890233129,0.1172726686591541,fundamental_hz (electrical-frequency proxy),False
kurtosis_b,current_shape,healthy_unused,1,8,0.37581969985087577,0.37581969985087577,fundamental_hz (electrical-frequency proxy),False
kurtosis_c,current_shape,fault,1,768,0.4315059177841342,0.258977702711972,fundamental_hz (electrical-frequency proxy),False
kurtosis_c,current_shape,healthy_adaptation,1,8,0.7319250547114,0.43915503282683993,fundamental_hz (electrical-frequency proxy),False
kurtosis_c,current_shape,healthy_all,1,128,0.3680583614779703,0.17721349822437435,fundamental_hz (electrical-frequency proxy),False
kurtosis_c,current_shape,healthy_calibration,1,48,0.547968176460516,0.2737656001216214,fundamental_hz (electrical-frequency proxy),False
kurtosis_c,current_shape,healthy_health_test,1,64,0.48567934289488573,0.24915258131239537,fundamental_hz (electrical-frequency proxy),False
kurtosis_c,current_shape,healthy_unused,1,8,-0.37581969985087577,-0.37581969985087577,fundamental_hz (electrical-frequency proxy),False
phase_rms_cv,sequence_imbalance,fault,1,768,0.4115164124253208,0.4610623494629355,fundamental_hz (electrical-frequency proxy),False
phase_rms_cv,sequence_imbalance,healthy_adaptation,1,8,0.7807200583588266,0.7807200583588266,fundamental_hz (electrical-frequency proxy),False
phase_rms_cv,sequence_imbalance,healthy_all,1,128,0.5125928265525269,0.28295940929617674,fundamental_hz (electrical-frequency proxy),False
phase_rms_cv,sequence_imbalance,healthy_calibration,1,48,0.6882375422051936,0.38814412499286544,fundamental_hz (electrical-frequency proxy),False
phase_rms_cv,sequence_imbalance,healthy_health_test,1,64,0.6469119824384536,0.359928021570394,fundamental_hz (electrical-frequency proxy),False
phase_rms_cv,sequence_imbalance,healthy_unused,1,8,0.1697250257391052,0.1697250257391052,fundamental_hz (electrical-frequency proxy),False
rms_ratio_a,current_shape,fault,1,768,0.46897771969161395,0.5441556469404931,fundamental_hz (electrical-frequency proxy),False
rms_ratio_a,current_shape,healthy_adaptation,1,8,-0.29277002188455997,-0.5855400437691199,fundamental_hz (electrical-frequency proxy),False
rms_ratio_a,current_shape,healthy_all,1,128,0.015426252511440206,0.01554706224582031,fundamental_hz (electrical-frequency proxy),False
rms_ratio_a,current_shape,healthy_calibration,1,48,0.024798400330250624,0.024798400330250624,fundamental_hz (electrical-frequency proxy),False
rms_ratio_a,current_shape,healthy_health_test,1,64,0.028753691647666866,0.028753691647666866,fundamental_hz (electrical-frequency proxy),False
rms_ratio_a,current_shape,healthy_unused,1,8,0.14547859349066158,0.14547859349066158,fundamental_hz (electrical-frequency proxy),False
rms_ratio_b,current_shape,fault,1,768,-0.3022419554043234,-0.3211132944240062,fundamental_hz (electrical-frequency proxy),False
rms_ratio_b,current_shape,healthy_adaptation,1,8,0.09759000729485333,0.09759000729485333,fundamental_hz (electrical-frequency proxy),False
rms_ratio_b,current_shape,healthy_all,1,128,0.07768928847314722,0.26944885400133534,fundamental_hz (electrical-frequency proxy),False
rms_ratio_b,current_shape,healthy_calibration,1,48,-0.019991661940246097,0.22821082947089671,fundamental_hz (electrical-frequency proxy),False
rms_ratio_b,current_shape,healthy_health_test,1,64,-0.017694579475487297,0.22800202928310198,fundamental_hz (electrical-frequency proxy),False
rms_ratio_b,current_shape,healthy_unused,1,8,0.2788339708571014,0.2788339708571014,fundamental_hz (electrical-frequency proxy),False
rms_ratio_c,current_shape,fault,1,768,0.01477338875269294,-0.025750303770983623,fundamental_hz (electrical-frequency proxy),False
rms_ratio_c,current_shape,healthy_adaptation,1,8,0.4879500364742666,0.9271050693011065,fundamental_hz (electrical-frequency proxy),False
rms_ratio_c,current_shape,healthy_all,1,128,-0.07960210926749883,-0.24545949246014362,fundamental_hz (electrical-frequency proxy),False
rms_ratio_c,current_shape,healthy_calibration,1,48,-0.0741767128821153,-0.30074888153823776,fundamental_hz (electrical-frequency proxy),False
rms_ratio_c,current_shape,healthy_health_test,1,64,-0.07266758289802988,-0.2773533173514533,fundamental_hz (electrical-frequency proxy),False
rms_ratio_c,current_shape,healthy_unused,1,8,-0.5697911578384245,-0.8001322641986388,fundamental_hz (electrical-frequency proxy),False
sequence_unbalance,sequence_imbalance,fault,1,768,0.4287078187419032,0.3795303781745313,fundamental_hz (electrical-frequency proxy),False
sequence_unbalance,sequence_imbalance,healthy_adaptation,1,8,-0.29277002188455997,-0.43915503282683993,fundamental_hz (electrical-frequency proxy),False
sequence_unbalance,sequence_imbalance,healthy_all,1,128,0.596771323615234,0.5377672740595425,fundamental_hz (electrical-frequency proxy),False
sequence_unbalance,sequence_imbalance,healthy_calibration,1,48,0.7994479895012073,0.7212292466093155,fundamental_hz (electrical-frequency proxy),False
sequence_unbalance,sequence_imbalance,healthy_health_test,1,64,0.7500842830780787,0.6855727954070314,fundamental_hz (electrical-frequency proxy),False
sequence_unbalance,sequence_imbalance,healthy_unused,1,8,0.7637626158259734,0.7637626158259734,fundamental_hz (electrical-frequency proxy),False
sideband_lower_ratio,harmonic_sideband,fault,1,768,-0.7479244609147586,-0.7328306734495837,fundamental_hz (electrical-frequency proxy),False
sideband_lower_ratio,harmonic_sideband,healthy_adaptation,1,8,-0.9759000729485332,-0.9759000729485332,fundamental_hz (electrical-frequency proxy),False
sideband_lower_ratio,harmonic_sideband,healthy_all,1,128,-0.6787263462808977,-0.6727031180953754,fundamental_hz (electrical-frequency proxy),False
sideband_lower_ratio,harmonic_sideband,healthy_calibration,1,48,-0.8022883349134827,-0.783607601625056,fundamental_hz (electrical-frequency proxy),False
sideband_lower_ratio,harmonic_sideband,healthy_health_test,1,64,-0.7524804240487177,-0.7423889841916038,fundamental_hz (electrical-frequency proxy),False
sideband_lower_ratio,harmonic_sideband,healthy_unused,1,8,-0.2060946741117706,-0.06061608062110899,fundamental_hz (electrical-frequency proxy),False
sideband_upper_ratio,harmonic_sideband,fault,1,768,-0.7651852574350211,-0.7472959276190576,fundamental_hz (electrical-frequency proxy),False
sideband_upper_ratio,harmonic_sideband,healthy_adaptation,1,8,-0.9759000729485332,-0.9759000729485332,fundamental_hz (electrical-frequency proxy),False
sideband_upper_ratio,harmonic_sideband,healthy_all,1,128,-0.7116096054102626,-0.6914919082137285,fundamental_hz (electrical-frequency proxy),False
sideband_upper_ratio,harmonic_sideband,healthy_calibration,1,48,-0.8363724798607874,-0.8055656565430311,fundamental_hz (electrical-frequency proxy),False
sideband_upper_ratio,harmonic_sideband,healthy_health_test,1,64,-0.7598531654968375,-0.7402693210252694,fundamental_hz (electrical-frequency proxy),False
sideband_upper_ratio,harmonic_sideband,healthy_unused,1,8,0.3273268353539886,0.5455447255899809,fundamental_hz (electrical-frequency proxy),False
spectral_entropy,spectral_entropy,fault,1,768,0.5923557389395876,0.328278342294835,fundamental_hz (electrical-frequency proxy),False
spectral_entropy,spectral_entropy,healthy_adaptation,1,8,-0.7807200583588266,-0.7319250547114,fundamental_hz (electrical-frequency proxy),False
spectral_entropy,spectral_entropy,healthy_all,1,128,0.5058993919834199,0.2471249409412407,fundamental_hz (electrical-frequency proxy),False
spectral_entropy,spectral_entropy,healthy_calibration,1,48,0.7465738672111576,0.37754745172399184,fundamental_hz (electrical-frequency proxy),False
spectral_entropy,spectral_entropy,healthy_health_test,1,64,0.6562661481507556,0.33016057797361065,fundamental_hz (electrical-frequency proxy),False
spectral_entropy,spectral_entropy,healthy_unused,1,8,0.24246432248443597,0.6182840223353118,fundamental_hz (electrical-frequency proxy),False
thd_2_to_5_mean,harmonic_sideband,fault,1,768,0.05241058995395673,0.0815198403201539,fundamental_hz (electrical-frequency proxy),False
thd_2_to_5_mean,harmonic_sideband,healthy_adaptation,1,8,-0.7319250547114,-0.7807200583588266,fundamental_hz (electrical-frequency proxy),False
thd_2_to_5_mean,harmonic_sideband,healthy_all,1,128,-0.5882657430304253,-0.5168470550560549,fundamental_hz (electrical-frequency proxy),False
thd_2_to_5_mean,harmonic_sideband,healthy_calibration,1,48,-0.8370279441866971,-0.7251620325647736,fundamental_hz (electrical-frequency proxy),False
thd_2_to_5_mean,harmonic_sideband,healthy_health_test,1,64,-0.6948808814852824,-0.6071452582526581,fundamental_hz (electrical-frequency proxy),False
thd_2_to_5_mean,harmonic_sideband,healthy_unused,1,8,0.7637626158259734,0.7637626158259734,fundamental_hz (electrical-frequency proxy),False
zero_sequence_ratio,sequence_imbalance,fault,1,768,-0.03095748527315685,-0.0323339972928852,fundamental_hz (electrical-frequency proxy),False
zero_sequence_ratio,sequence_imbalance,healthy_adaptation,1,8,0.3415650255319867,0.6831300510639734,fundamental_hz (electrical-frequency proxy),False
zero_sequence_ratio,sequence_imbalance,healthy_all,1,128,-0.06733129196117701,-0.06966119398136471,fundamental_hz (electrical-frequency proxy),False
zero_sequence_ratio,sequence_imbalance,healthy_calibration,1,48,-0.14147105034217866,-0.14147105034217866,fundamental_hz (electrical-frequency proxy),False
zero_sequence_ratio,sequence_imbalance,healthy_health_test,1,64,-0.048844412093793074,-0.048844412093793074,fundamental_hz (electrical-frequency proxy),False
zero_sequence_ratio,sequence_imbalance,healthy_unused,1,8,-0.836501912571304,-0.9819805060619657,fundamental_hz (electrical-frequency proxy),False
