record_id,load_nm,subsystem,block_id,window_id,is_healthy,fault_turns,fault_phase,role,row_index,window_score,frozen_system_score,contribution_sum,contribution_sum_error,frozen_score_error,alarm,p_value,external_motor_id
external_dual_three_phase_flt0z_load_0nm,0.0,SubSys2,0,0,True,0,,adaptation,120,933.1123260059816,933.1123260059816,933.1123260059825,9.094947017729282e-13,0.0,False,0.4,external_dual_three_phase
external_dual_three_phase_flt0z_load_0nm,0.0,SubSys2,1,20,True,0,,adaptation,140,2337.055873013993,2337.055873013993,2337.055873013993,0.0,0.0,False,0.28,external_dual_three_phase
external_dual_three_phase_flt0z_load_0nm,0.0,SubSys2,2,40,True,0,,adaptation,160,1549.8881819556245,1549.8881819556243,1549.8881819556248,2.2737367544323206e-13,2.2737367544323206e-13,False,0.28,external_dual_three_phase
external_dual_three_phase_flt0z_load_0nm,0.0,SubSys1,3,55,True,0,,adaptation,55,1284.9967575466192,1284.9967575466192,1284.9967575466194,2.2737367544323206e-13,0.0,False,0.4,external_dual_three_phase
external_dual_three_phase_flt0z_load_0nm,0.0,SubSys2,4,70,True,0,,unused,190,1195.1624926250183,1195.1624926250183,1195.162492625019,6.821210263296962e-13,0.0,False,0.4,external_dual_three_phase
external_dual_three_phase_flt0z_load_0nm,0.0,SubSys1,5,80,True,0,,unused,80,9100.20952578199,9100.20952578199,9100.209525781996,7.275957614183426e-12,0.0,True,0.04,external_dual_three_phase
external_dual_three_phase_flt0z_load_0nm,0.0,SubSys2,6,90,True,0,,unused,210,8238.653771938601,8238.653771938601,8238.653771938596,-5.4569682106375694e-12,0.0,True,0.04,external_dual_three_phase
external_dual_three_phase_flt0z_load_0nm,0.0,SubSys1,7,105,True,0,,unused,105,7062.895215363047,7062.895215363047,7062.895215363066,1.9099388737231493e-11,0.0,True,0.04,external_dual_three_phase
external_dual_three_phase_flt0z_load_10nm,10.0,SubSys2,0,2,True,0,,calibration,602,627.6100573855936,627.6100573855936,627.610057385593,-5.684341886080801e-13,0.0,False,0.6,external_dual_three_phase
external_dual_three_phase_flt0z_load_10nm,10.0,SubSys2,1,16,True,0,,calibration,616,375.2195282499033,375.2195282499033,375.219528249904,6.821210263296962e-13,0.0,False,0.96,external_dual_three_phase
external_dual_three_phase_flt0z_load_10nm,10.0,SubSys2,2,44,True,0,,calibration,644,374.8047540033921,374.8047540033921,374.80475400339265,5.684341886080801e-13,0.0,False,1.0,external_dual_three_phase
external_dual_three_phase_flt0z_load_10nm,10.0,SubSys2,3,59,True,0,,calibration,659,476.5580101367324,476.5580101367324,476.5580101367328,3.979039320256561e-13,0.0,False,0.76,external_dual_three_phase
external_dual_three_phase_flt0z_load_10nm,10.0,SubSys2,4,74,True,0,,calibration,674,773.0846934023754,773.0846934023754,773.0846934023755,1.1368683772161603e-13,0.0,False,0.52,external_dual_three_phase
external_dual_three_phase_flt0z_load_10nm,10.0,SubSys2,5,89,True,0,,calibration,689,1335.3366312668243,1335.3366312668245,1335.3366312668218,-2.5011104298755527e-12,-2.2737367544323206e-13,False,0.4,external_dual_three_phase
external_dual_three_phase_flt0z_load_10nm,10.0,SubSys2,6,104,True,0,,calibration,704,2585.5833493915543,2585.5833493915543,2585.583349391552,-2.2737367544323206e-12,0.0,False,0.28,external_dual_three_phase
external_dual_three_phase_flt0z_load_10nm,10.0,SubSys1,7,119,True,0,,calibration,599,4936.2025415502385,4936.202541550239,4936.202541550226,-1.2732925824820995e-11,-9.094947017729282e-13,False,0.16,external_dual_three_phase
external_dual_three_phase_flt0z_load_15nm,15.0,SubSys2,0,0,True,0,,health_test,840,598.1995410664051,598.1995410664051,598.1995410664068,1.7053025658242404e-12,0.0,False,0.64,external_dual_three_phase
external_dual_three_phase_flt0z_load_15nm,15.0,SubSys2,1,16,True,0,,health_test,856,401.20496832975437,401.2049683297544,401.204968329755,6.252776074688882e-13,-5.684341886080802e-14,False,0.88,external_dual_three_phase
external_dual_three_phase_flt0z_load_15nm,15.0,SubSys2,2,41,True,0,,health_test,881,394.0305709595108,394.0305709595108,394.03057095951146,6.821210263296962e-13,0.0,False,0.92,external_dual_three_phase
external_dual_three_phase_flt0z_load_15nm,15.0,SubSys2,3,59,True,0,,health_test,899,492.64379937627245,492.64379937627245,492.6437993762721,-3.410605131648481e-13,0.0,False,0.72,external_dual_three_phase
external_dual_three_phase_flt0z_load_15nm,15.0,SubSys2,4,74,True,0,,health_test,914,783.8415608343302,783.8415608343302,783.841560834331,7.958078640513122e-13,0.0,False,0.48,external_dual_three_phase
external_dual_three_phase_flt0z_load_15nm,15.0,SubSys2,5,89,True,0,,health_test,929,1373.046077014176,1373.046077014176,1373.0460770141724,-3.637978807091713e-12,0.0,False,0.36,external_dual_three_phase
external_dual_three_phase_flt0z_load_15nm,15.0,SubSys2,6,104,True,0,,health_test,944,2603.6215856456247,2603.6215856456247,2603.6215856456233,-1.3642420526593924e-12,0.0,False,0.24,external_dual_three_phase
external_dual_three_phase_flt0z_load_15nm,15.0,SubSys1,7,119,True,0,,health_test,839,4951.454768613132,4951.454768613132,4951.454768613143,1.0913936421275139e-11,0.0,False,0.12,external_dual_three_phase
external_dual_three_phase_flt0z_load_20nm,20.0,SubSys2,0,1,True,0,,calibration,1081,625.2743349301065,625.2743349301065,625.2743349301065,0.0,0.0,False,0.64,external_dual_three_phase
external_dual_three_phase_flt0z_load_20nm,20.0,SubSys2,1,20,True,0,,calibration,1100,401.1069384799315,401.1069384799315,401.106938479931,-5.115907697472721e-13,0.0,False,0.92,external_dual_three_phase
external_dual_three_phase_flt0z_load_20nm,20.0,SubSys2,2,44,True,0,,calibration,1124,402.76543624129636,402.7654362412964,402.76543624129636,0.0,-5.684341886080802e-14,False,0.88,external_dual_three_phase
external_dual_three_phase_flt0z_load_20nm,20.0,SubSys2,3,59,True,0,,calibration,1139,514.9086115769259,514.9086115769259,514.9086115769283,2.3874235921539366e-12,0.0,False,0.72,external_dual_three_phase
external_dual_three_phase_flt0z_load_20nm,20.0,SubSys2,4,74,True,0,,calibration,1154,826.5963494744433,826.5963494744433,826.5963494744453,2.0463630789890885e-12,0.0,False,0.44,external_dual_three_phase
external_dual_three_phase_flt0z_load_20nm,20.0,SubSys2,5,89,True,0,,calibration,1169,1397.146358020476,1397.146358020476,1397.146358020473,-3.183231456205249e-12,0.0,False,0.36,external_dual_three_phase
external_dual_three_phase_flt0z_load_20nm,20.0,SubSys2,6,104,True,0,,calibration,1184,2631.193070844946,2631.193070844946,2631.193070844946,0.0,0.0,False,0.24,external_dual_three_phase
external_dual_three_phase_flt0z_load_20nm,20.0,SubSys1,7,119,True,0,,calibration,1079,4962.373418924896,4962.373418924896,4962.373418924879,-1.7280399333685637e-11,0.0,False,0.12,external_dual_three_phase
external_dual_three_phase_flt0z_load_25nm,25.0,SubSys2,0,1,True,0,,health_test,1321,637.0698823963513,637.0698823963513,637.0698823963517,3.410605131648481e-13,0.0,False,0.56,external_dual_three_phase
external_dual_three_phase_flt0z_load_25nm,25.0,SubSys2,1,15,True,0,,health_test,1335,409.8290461681975,409.8290461681975,409.82904616819786,3.410605131648481e-13,0.0,False,0.84,external_dual_three_phase
external_dual_three_phase_flt0z_load_25nm,25.0,SubSys2,2,41,True,0,,health_test,1361,411.44368666156697,411.44368666156697,411.4436866615672,2.2737367544323206e-13,0.0,False,0.84,external_dual_three_phase
external_dual_three_phase_flt0z_load_25nm,25.0,SubSys2,3,59,True,0,,health_test,1379,521.4878584141371,521.4878584141371,521.4878584141364,-6.821210263296962e-13,0.0,False,0.68,external_dual_three_phase
external_dual_three_phase_flt0z_load_25nm,25.0,SubSys2,4,74,True,0,,health_test,1394,829.7054812342601,829.7054812342601,829.705481234261,9.094947017729282e-13,0.0,False,0.4,external_dual_three_phase
external_dual_three_phase_flt0z_load_25nm,25.0,SubSys2,5,89,True,0,,health_test,1409,1415.1354392237802,1415.1354392237802,1415.1354392237772,-2.9558577807620168e-12,0.0,False,0.32,external_dual_three_phase
external_dual_three_phase_flt0z_load_25nm,25.0,SubSys2,6,104,True,0,,health_test,1424,2644.3276519392903,2644.3276519392903,2644.32765193929,-4.547473508864641e-13,0.0,False,0.2,external_dual_three_phase
external_dual_three_phase_flt0z_load_25nm,25.0,SubSys1,7,119,True,0,,health_test,1319,4973.666708083695,4973.666708083695,4973.666708083685,-1.000444171950221e-11,0.0,False,0.08,external_dual_three_phase
external_dual_three_phase_flt0z_load_30nm,30.0,SubSys2,0,2,True,0,,calibration,1562,665.7329559303643,665.7329559303643,665.732955930364,-2.2737367544323206e-13,0.0,False,0.56,external_dual_three_phase
external_dual_three_phase_flt0z_load_30nm,30.0,SubSys2,1,16,True,0,,calibration,1576,415.4712346358153,415.4712346358153,415.47123463581573,4.547473508864641e-13,0.0,False,0.84,external_dual_three_phase
external_dual_three_phase_flt0z_load_30nm,30.0,SubSys2,2,44,True,0,,calibration,1604,416.02008938343556,416.0200893834356,416.0200893834357,1.1368683772161603e-13,-5.684341886080802e-14,False,0.8,external_dual_three_phase
external_dual_three_phase_flt0z_load_30nm,30.0,SubSys2,3,59,True,0,,calibration,1619,532.6358142875971,532.6358142875971,532.635814287598,9.094947017729282e-13,0.0,False,0.68,external_dual_three_phase
external_dual_three_phase_flt0z_load_30nm,30.0,SubSys2,4,74,True,0,,calibration,1634,822.0431399995081,822.0431399995081,822.0431399995091,1.0231815394945443e-12,0.0,False,0.48,external_dual_three_phase
external_dual_three_phase_flt0z_load_30nm,30.0,SubSys2,5,89,True,0,,calibration,1649,1418.9955119461233,1418.995511946123,1418.995511946123,-2.2737367544323206e-13,2.2737367544323206e-13,False,0.32,external_dual_three_phase
external_dual_three_phase_flt0z_load_30nm,30.0,SubSys2,6,104,True,0,,calibration,1664,2654.861419120546,2654.861419120546,2654.8614191205425,-3.637978807091713e-12,0.0,False,0.2,external_dual_three_phase
external_dual_three_phase_flt0z_load_30nm,30.0,SubSys2,7,119,True,0,,calibration,1679,4983.287627092597,4983.287627092597,4983.287627092627,3.001332515850663e-11,0.0,False,0.08,external_dual_three_phase
external_dual_three_phase_flt0z_load_35nm,35.0,SubSys2,0,1,True,0,,health_test,1801,639.6083989051078,639.6083989051078,639.6083989051081,2.2737367544323206e-13,0.0,False,0.56,external_dual_three_phase
external_dual_three_phase_flt0z_load_35nm,35.0,SubSys2,1,15,True,0,,health_test,1815,412.1950529334049,412.1950529334049,412.1950529334033,-1.5916157281026244e-12,0.0,False,0.84,external_dual_three_phase
external_dual_three_phase_flt0z_load_35nm,35.0,SubSys2,2,39,True,0,,health_test,1839,406.78183814802367,406.78183814802367,406.78183814802344,-2.2737367544323206e-13,0.0,False,0.84,external_dual_three_phase
external_dual_three_phase_flt0z_load_35nm,35.0,SubSys2,3,59,True,0,,health_test,1859,527.7256932440163,527.7256932440163,527.7256932440157,-5.684341886080801e-13,0.0,False,0.68,external_dual_three_phase
external_dual_three_phase_flt0z_load_35nm,35.0,SubSys2,4,74,True,0,,health_test,1874,846.970936526834,846.970936526834,846.9709365268337,-2.2737367544323206e-13,0.0,False,0.4,external_dual_three_phase
external_dual_three_phase_flt0z_load_35nm,35.0,SubSys2,5,89,True,0,,health_test,1889,1424.923197762865,1424.923197762865,1424.9231977628651,2.2737367544323206e-13,0.0,False,0.28,external_dual_three_phase
external_dual_three_phase_flt0z_load_35nm,35.0,SubSys2,6,104,True,0,,health_test,1904,2668.1415604935437,2668.141560493544,2668.1415604935505,6.821210263296962e-12,-4.547473508864641e-13,False,0.16,external_dual_three_phase
external_dual_three_phase_flt0z_load_35nm,35.0,SubSys2,7,119,True,0,,health_test,1919,4994.307956652005,4994.307956652005,4994.307956651999,-5.4569682106375694e-12,0.0,True,0.04,external_dual_three_phase
external_dual_three_phase_flt0z_load_5nm,5.0,SubSys2,0,2,True,0,,health_test,362,570.3895168027893,570.3895168027893,570.3895168027898,4.547473508864641e-13,0.0,False,0.64,external_dual_three_phase
external_dual_three_phase_flt0z_load_5nm,5.0,SubSys2,1,16,True,0,,health_test,376,344.41961469226027,344.41961469226027,344.4196146922601,-1.7053025658242404e-13,0.0,False,1.0,external_dual_three_phase
external_dual_three_phase_flt0z_load_5nm,5.0,SubSys2,2,40,True,0,,health_test,400,318.86532926742814,318.86532926742814,318.86532926742865,5.115907697472721e-13,0.0,False,1.0,external_dual_three_phase
external_dual_three_phase_flt0z_load_5nm,5.0,SubSys2,3,59,True,0,,health_test,419,418.50252129781734,418.5025212978173,418.5025212978176,2.8421709430404007e-13,5.684341886080802e-14,False,0.76,external_dual_three_phase
external_dual_three_phase_flt0z_load_5nm,5.0,SubSys2,4,74,True,0,,health_test,434,707.001018866195,707.001018866195,707.0010188661942,-7.958078640513122e-13,0.0,False,0.52,external_dual_three_phase
external_dual_three_phase_flt0z_load_5nm,5.0,SubSys1,5,89,True,0,,health_test,329,1268.9557292234788,1268.9557292234788,1268.9557292234772,-1.5916157281026244e-12,0.0,False,0.4,external_dual_three_phase
external_dual_three_phase_flt0z_load_5nm,5.0,SubSys1,6,104,True,0,,health_test,344,2526.0415110432623,2526.0415110432623,2526.041511043263,9.094947017729282e-13,0.0,False,0.28,external_dual_three_phase
external_dual_three_phase_flt0z_load_5nm,5.0,SubSys1,7,119,True,0,,health_test,359,4894.410511638512,4894.410511638512,4894.410511638508,-3.637978807091713e-12,0.0,False,0.16,external_dual_three_phase
external_dual_three_phase_flt1zu_load_0nm,0.0,SubSys2,0,0,False,1,u,fault_test,2040,627.9837846196988,627.9837846196988,627.9837846196988,0.0,0.0,False,0.56,external_dual_three_phase
external_dual_three_phase_flt1zu_load_0nm,0.0,SubSys2,1,15,False,1,u,fault_test,2055,527.091140496657,527.091140496657,527.0911404966569,-1.1368683772161603e-13,0.0,False,0.68,external_dual_three_phase
external_dual_three_phase_flt1zu_load_0nm,0.0,SubSys1,2,41,False,1,u,fault_test,1961,492.33007018710765,492.3300701871077,492.3300701871077,5.684341886080802e-14,-5.684341886080802e-14,False,0.72,external_dual_three_phase
external_dual_three_phase_flt1zu_load_0nm,0.0,SubSys1,3,56,False,1,u,fault_test,1976,538.8522913794234,538.8522913794234,538.8522913794228,-5.684341886080801e-13,0.0,False,0.64,external_dual_three_phase
external_dual_three_phase_flt1zu_load_0nm,0.0,SubSys2,4,71,False,1,u,fault_test,2111,1512.7971635778767,1512.7971635778767,1512.7971635778756,-1.1368683772161603e-12,0.0,False,0.28,external_dual_three_phase
external_dual_three_phase_flt1zu_load_0nm,0.0,SubSys2,5,86,False,1,u,fault_test,2126,4309.986688755235,4309.986688755235,4309.986688755233,-1.8189894035458565e-12,0.0,False,0.16,external_dual_three_phase
external_dual_three_phase_flt1zu_load_0nm,0.0,SubSys2,6,101,False,1,u,fault_test,2141,8412.35921221283,8412.35921221283,8412.359212212848,1.8189894035458565e-11,0.0,True,0.04,external_dual_three_phase
external_dual_three_phase_flt1zu_load_0nm,0.0,SubSys2,7,116,False,1,u,fault_test,2156,14071.603798727187,14071.603798727188,14071.603798727197,1.0913936421275139e-11,-1.8189894035458565e-12,True,0.04,external_dual_three_phase
external_dual_three_phase_flt1zu_load_10nm,10.0,SubSys2,0,0,False,1,u,fault_test,2520,600.6247484613727,600.6247484613727,600.624748461373,2.2737367544323206e-13,0.0,False,0.64,external_dual_three_phase
external_dual_three_phase_flt1zu_load_10nm,10.0,SubSys2,1,17,False,1,u,fault_test,2537,398.9734183302421,398.9734183302421,398.97341833024166,-4.547473508864641e-13,0.0,False,0.92,external_dual_three_phase
external_dual_three_phase_flt1zu_load_10nm,10.0,SubSys2,2,31,False,1,u,fault_test,2551,340.8805724286213,340.8805724286213,340.88057242862135,5.684341886080802e-14,0.0,False,1.0,external_dual_three_phase
external_dual_three_phase_flt1zu_load_10nm,10.0,SubSys1,3,59,False,1,u,fault_test,2459,455.64727524528934,455.6472752452893,455.6472752452893,-5.684341886080802e-14,5.684341886080802e-14,False,0.76,external_dual_three_phase
external_dual_three_phase_flt1zu_load_10nm,10.0,SubSys1,4,74,False,1,u,fault_test,2474,785.3676318826438,785.3676318826438,785.367631882642,-1.8189894035458565e-12,0.0,False,0.48,external_dual_three_phase
external_dual_three_phase_flt1zu_load_10nm,10.0,SubSys2,5,89,False,1,u,fault_test,2609,1624.89484544852,1624.89484544852,1624.8948454485233,3.183231456205249e-12,0.0,False,0.28,external_dual_three_phase
external_dual_three_phase_flt1zu_load_10nm,10.0,SubSys2,6,104,False,1,u,fault_test,2624,3458.8101586774765,3458.8101586774765,3458.81015867748,3.637978807091713e-12,0.0,False,0.16,external_dual_three_phase
external_dual_three_phase_flt1zu_load_10nm,10.0,SubSys2,7,119,False,1,u,fault_test,2639,7193.085065439625,7193.085065439625,7193.085065439627,1.8189894035458565e-12,0.0,True,0.04,external_dual_three_phase
external_dual_three_phase_flt1zu_load_15nm,15.0,SubSys2,0,2,False,1,u,fault_test,2762,633.955341145676,633.955341145676,633.9553411456764,3.410605131648481e-13,0.0,False,0.56,external_dual_three_phase
external_dual_three_phase_flt1zu_load_15nm,15.0,SubSys2,1,16,False,1,u,fault_test,2776,401.4100762830245,401.4100762830245,401.4100762830248,2.8421709430404007e-13,0.0,False,0.88,external_dual_three_phase
external_dual_three_phase_flt1zu_load_15nm,15.0,SubSys2,2,35,False,1,u,fault_test,2795,361.44892482320137,361.44892482320137,361.44892482320137,0.0,0.0,False,1.0,external_dual_three_phase
external_dual_three_phase_flt1zu_load_15nm,15.0,SubSys1,3,59,False,1,u,fault_test,2699,465.552230481571,465.552230481571,465.5522304815714,4.547473508864641e-13,0.0,False,0.76,external_dual_three_phase
external_dual_three_phase_flt1zu_load_15nm,15.0,SubSys1,4,74,False,1,u,fault_test,2714,774.92653680251,774.92653680251,774.9265368025106,5.684341886080801e-13,0.0,False,0.48,external_dual_three_phase
external_dual_three_phase_flt1zu_load_15nm,15.0,SubSys2,5,89,False,1,u,fault_test,2849,1431.4481418673035,1431.4481418673035,1431.4481418673072,3.637978807091713e-12,0.0,False,0.28,external_dual_three_phase
external_dual_three_phase_flt1zu_load_15nm,15.0,SubSys2,6,104,False,1,u,fault_test,2864,3042.881612014321,3042.881612014321,3042.8816120143133,-7.73070496506989e-12,0.0,False,0.16,external_dual_three_phase
external_dual_three_phase_flt1zu_load_15nm,15.0,SubSys2,7,119,False,1,u,fault_test,2879,6142.647324267359,6142.647324267359,6142.647324267358,-9.094947017729282e-13,0.0,True,0.04,external_dual_three_phase
external_dual_three_phase_flt1zu_load_20nm,20.0,SubSys2,0,2,False,1,u,fault_test,3002,642.2415921070385,642.2415921070385,642.2415921070392,6.821210263296962e-13,0.0,False,0.56,external_dual_three_phase
external_dual_three_phase_flt1zu_load_20nm,20.0,SubSys2,1,16,False,1,u,fault_test,3016,418.2430780884655,418.2430780884655,418.2430780884649,-5.684341886080801e-13,0.0,False,0.76,external_dual_three_phase
external_dual_three_phase_flt1zu_load_20nm,20.0,SubSys2,2,44,False,1,u,fault_test,3044,386.0433628923597,386.0433628923597,386.04336289236016,4.547473508864641e-13,0.0,False,0.92,external_dual_three_phase
external_dual_three_phase_flt1zu_load_20nm,20.0,SubSys2,3,59,False,1,u,fault_test,3059,467.64900659952576,467.64900659952576,467.649006599526,2.2737367544323206e-13,0.0,False,0.76,external_dual_three_phase
external_dual_three_phase_flt1zu_load_20nm,20.0,SubSys1,4,74,False,1,u,fault_test,2954,775.3152757995911,775.3152757995911,775.3152757995917,6.821210263296962e-13,0.0,False,0.48,external_dual_three_phase
external_dual_three_phase_flt1zu_load_20nm,20.0,SubSys1,5,89,False,1,u,fault_test,2969,1396.648873015847,1396.648873015847,1396.6488730158496,2.7284841053187847e-12,0.0,False,0.36,external_dual_three_phase
external_dual_three_phase_flt1zu_load_20nm,20.0,SubSys2,6,104,False,1,u,fault_test,3104,2803.0096700634667,2803.0096700634667,2803.009670063465,-1.8189894035458565e-12,0.0,False,0.16,external_dual_three_phase
external_dual_three_phase_flt1zu_load_20nm,20.0,SubSys2,7,119,False,1,u,fault_test,3119,5618.918188156869,5618.918188156869,5618.91818815687,9.094947017729282e-13,0.0,True,0.04,external_dual_three_phase
external_dual_three_phase_flt1zu_load_25nm,25.0,SubSys2,0,1,False,1,u,fault_test,3241,641.0977266132254,641.0977266132254,641.0977266132267,1.2505552149377763e-12,0.0,False,0.56,external_dual_three_phase
external_dual_three_phase_flt1zu_load_25nm,25.0,SubSys2,1,17,False,1,u,fault_test,3257,425.3379325031037,425.3379325031037,425.3379325031039,2.2737367544323206e-13,0.0,False,0.76,external_dual_three_phase
external_dual_three_phase_flt1zu_load_25nm,25.0,SubSys2,2,35,False,1,u,fault_test,3275,397.69170785427514,397.6917078542752,397.69170785427536,2.2737367544323206e-13,-5.684341886080802e-14,False,0.92,external_dual_three_phase
external_dual_three_phase_flt1zu_load_25nm,25.0,SubSys2,3,59,False,1,u,fault_test,3299,480.0940776431268,480.0940776431268,480.0940776431264,-3.979039320256561e-13,0.0,False,0.72,external_dual_three_phase
external_dual_three_phase_flt1zu_load_25nm,25.0,SubSys1,4,74,False,1,u,fault_test,3194,776.4153965591781,776.4153965591781,776.4153965591781,0.0,0.0,False,0.48,external_dual_three_phase
external_dual_three_phase_flt1zu_load_25nm,25.0,SubSys1,5,89,False,1,u,fault_test,3209,1390.3059535994507,1390.3059535994507,1390.3059535994498,-9.094947017729282e-13,0.0,False,0.36,external_dual_three_phase
external_dual_three_phase_flt1zu_load_25nm,25.0,SubSys2,6,104,False,1,u,fault_test,3344,2698.5267049456847,2698.5267049456847,2698.5267049456797,-5.002220859751105e-12,0.0,False,0.16,external_dual_three_phase
external_dual_three_phase_flt1zu_load_25nm,25.0,SubSys2,7,119,False,1,u,fault_test,3359,5377.3716894525605,5377.3716894525605,5377.3716894525505,-1.000444171950221e-11,0.0,True,0.04,external_dual_three_phase
external_dual_three_phase_flt1zu_load_30nm,30.0,SubSys2,0,1,False,1,u,fault_test,3481,653.9795103110291,653.9795103110291,653.9795103110291,0.0,0.0,False,0.56,external_dual_three_phase
external_dual_three_phase_flt1zu_load_30nm,30.0,SubSys2,1,15,False,1,u,fault_test,3495,430.7815124183869,430.7815124183869,430.78151241838833,1.4210854715202004e-12,0.0,False,0.76,external_dual_three_phase
external_dual_three_phase_flt1zu_load_30nm,30.0,SubSys2,2,44,False,1,u,fault_test,3524,414.7270482885606,414.7270482885606,414.72704828855933,-1.2505552149377763e-12,0.0,False,0.84,external_dual_three_phase
external_dual_three_phase_flt1zu_load_30nm,30.0,SubSys2,3,59,False,1,u,fault_test,3539,493.0131604689572,493.0131604689572,493.0131604689587,1.4779288903810084e-12,0.0,False,0.72,external_dual_three_phase
external_dual_three_phase_flt1zu_load_30nm,30.0,SubSys1,4,74,False,1,u,fault_test,3434,778.2800418596523,778.2800418596523,778.2800418596541,1.8189894035458565e-12,0.0,False,0.48,external_dual_three_phase
external_dual_three_phase_flt1zu_load_30nm,30.0,SubSys1,5,89,False,1,u,fault_test,3449,1385.6154183518843,1385.6154183518845,1385.6154183518827,-1.5916157281026244e-12,-2.2737367544323206e-13,False,0.36,external_dual_three_phase
external_dual_three_phase_flt1zu_load_30nm,30.0,SubSys1,6,104,False,1,u,fault_test,3464,2679.60577789122,2679.60577789122,2679.6057778912214,1.3642420526593924e-12,0.0,False,0.16,external_dual_three_phase
external_dual_three_phase_flt1zu_load_30nm,30.0,SubSys2,7,119,False,1,u,fault_test,3599,5237.317853560116,5237.317853560116,5237.317853560114,-2.7284841053187847e-12,0.0,True,0.04,external_dual_three_phase
external_dual_three_phase_flt1zu_load_35nm,35.0,SubSys2,0,1,False,1,u,fault_test,3721,631.6648411824815,631.6648411824815,631.6648411824825,1.0231815394945443e-12,0.0,False,0.56,external_dual_three_phase
external_dual_three_phase_flt1zu_load_35nm,35.0,SubSys2,1,15,False,1,u,fault_test,3735,427.3455899903604,427.3455899903604,427.3455899903608,3.979039320256561e-13,0.0,False,0.76,external_dual_three_phase
external_dual_three_phase_flt1zu_load_35nm,35.0,SubSys2,2,44,False,1,u,fault_test,3764,425.36178083569916,425.3617808356992,425.361780835699,-1.7053025658242404e-13,-5.684341886080802e-14,False,0.76,external_dual_three_phase
external_dual_three_phase_flt1zu_load_35nm,35.0,SubSys2,3,59,False,1,u,fault_test,3779,501.88833427233055,501.88833427233055,501.8883342723291,-1.4779288903810084e-12,0.0,False,0.72,external_dual_three_phase
external_dual_three_phase_flt1zu_load_35nm,35.0,SubSys1,4,74,False,1,u,fault_test,3674,781.7465911095314,781.7465911095314,781.7465911095308,-6.821210263296962e-13,0.0,False,0.48,external_dual_three_phase
external_dual_three_phase_flt1zu_load_35nm,35.0,SubSys1,5,89,False,1,u,fault_test,3689,1382.430380641867,1382.430380641867,1382.4303806418652,-1.8189894035458565e-12,0.0,False,0.36,external_dual_three_phase
external_dual_three_phase_flt1zu_load_35nm,35.0,SubSys1,6,104,False,1,u,fault_test,3704,2676.605346486942,2676.605346486942,2676.6053464869374,-4.547473508864641e-12,0.0,False,0.16,external_dual_three_phase
external_dual_three_phase_flt1zu_load_35nm,35.0,SubSys2,7,119,False,1,u,fault_test,3839,5135.348596118523,5135.348596118523,5135.348596118512,-1.0913936421275139e-11,0.0,True,0.04,external_dual_three_phase
external_dual_three_phase_flt1zu_load_5nm,5.0,SubSys2,0,1,False,1,u,fault_test,2281,624.6205329672326,624.6205329672326,624.6205329672322,-4.547473508864641e-13,0.0,False,0.64,external_dual_three_phase
external_dual_three_phase_flt1zu_load_5nm,5.0,SubSys2,1,18,False,1,u,fault_test,2298,342.4699258693286,342.4699258693286,342.46992586932805,-5.684341886080801e-13,0.0,False,1.0,external_dual_three_phase
external_dual_three_phase_flt1zu_load_5nm,5.0,SubSys1,2,40,False,1,u,fault_test,2200,309.1788188346701,309.1788188346701,309.17881883467106,9.663381206337363e-13,0.0,False,1.0,external_dual_three_phase
external_dual_three_phase_flt1zu_load_5nm,5.0,SubSys1,3,59,False,1,u,fault_test,2219,476.5793653447507,476.5793653447507,476.57936534475107,3.410605131648481e-13,0.0,False,0.72,external_dual_three_phase
external_dual_three_phase_flt1zu_load_5nm,5.0,SubSys2,4,74,False,1,u,fault_test,2354,1136.1663661959385,1136.1663661959385,1136.166366195941,2.5011104298755527e-12,0.0,False,0.4,external_dual_three_phase
external_dual_three_phase_flt1zu_load_5nm,5.0,SubSys2,5,89,False,1,u,fault_test,2369,2526.052868245893,2526.052868245893,2526.052868245892,-9.094947017729282e-13,0.0,False,0.28,external_dual_three_phase
external_dual_three_phase_flt1zu_load_5nm,5.0,SubSys2,6,104,False,1,u,fault_test,2384,5536.51572051118,5536.51572051118,5536.515720511175,-5.4569682106375694e-12,0.0,True,0.04,external_dual_three_phase
external_dual_three_phase_flt1zu_load_5nm,5.0,SubSys2,7,119,False,1,u,fault_test,2399,11059.851356135494,11059.851356135494,11059.851356135487,-7.275957614183426e-12,0.0,True,0.04,external_dual_three_phase
external_dual_three_phase_flt2zv_load_0nm,0.0,SubSys2,0,1,False,2,v,fault_test,3961,927.4047508459977,927.4047508459976,927.4047508459988,1.1368683772161603e-12,1.1368683772161603e-13,False,0.4,external_dual_three_phase
external_dual_three_phase_flt2zv_load_0nm,0.0,SubSys2,1,29,False,2,v,fault_test,3989,2124.85155723519,2124.85155723519,2124.8515572351935,3.637978807091713e-12,0.0,False,0.28,external_dual_three_phase
external_dual_three_phase_flt2zv_load_0nm,0.0,SubSys2,2,44,False,2,v,fault_test,4004,3621.056035348229,3621.056035348229,3621.0560353482283,-9.094947017729282e-13,0.0,False,0.16,external_dual_three_phase
external_dual_three_phase_flt2zv_load_0nm,0.0,SubSys2,3,59,False,2,v,fault_test,4019,6623.1384161054975,6623.1384161054975,6623.138416105486,-1.1823431123048067e-11,0.0,True,0.04,external_dual_three_phase
external_dual_three_phase_flt2zv_load_0nm,0.0,SubSys2,4,70,False,2,v,fault_test,4030,11254.432985749669,11254.432985749669,11254.432985749678,9.094947017729282e-12,0.0,True,0.04,external_dual_three_phase
external_dual_three_phase_flt2zv_load_0nm,0.0,SubSys2,5,85,False,2,v,fault_test,4045,17003.240801708787,17003.240801708787,17003.24080170878,-7.275957614183426e-12,0.0,True,0.04,external_dual_three_phase
external_dual_three_phase_flt2zv_load_0nm,0.0,SubSys2,6,100,False,2,v,fault_test,4060,21079.69216481857,21079.69216481857,21079.692164818578,7.275957614183426e-12,0.0,True,0.04,external_dual_three_phase
external_dual_three_phase_flt2zv_load_0nm,0.0,SubSys2,7,111,False,2,v,fault_test,4071,19567.530238204592,19567.530238204592,19567.530238204617,2.546585164964199e-11,0.0,True,0.04,external_dual_three_phase
external_dual_three_phase_flt2zv_load_10nm,10.0,SubSys2,0,1,False,2,v,fault_test,4441,586.9366631003611,586.9366631003611,586.9366631003614,3.410605131648481e-13,0.0,False,0.64,external_dual_three_phase
external_dual_three_phase_flt2zv_load_10nm,10.0,SubSys2,1,28,False,2,v,fault_test,4468,325.8713368528371,325.8713368528371,325.8713368528373,2.2737367544323206e-13,0.0,False,1.0,external_dual_three_phase
external_dual_three_phase_flt2zv_load_10nm,10.0,SubSys2,2,44,False,2,v,fault_test,4484,610.7142941855026,610.7142941855026,610.7142941855027,1.1368683772161603e-13,0.0,False,0.64,external_dual_three_phase
external_dual_three_phase_flt2zv_load_10nm,10.0,SubSys2,3,59,False,2,v,fault_test,4499,978.6835297163527,978.6835297163528,978.6835297163533,5.684341886080801e-13,-1.1368683772161603e-13,False,0.4,external_dual_three_phase
external_dual_three_phase_flt2zv_load_10nm,10.0,SubSys2,4,74,False,2,v,fault_test,4514,1782.5455567134454,1782.5455567134454,1782.5455567134454,0.0,0.0,False,0.28,external_dual_three_phase
external_dual_three_phase_flt2zv_load_10nm,10.0,SubSys2,5,89,False,2,v,fault_test,4529,2937.8939688797204,2937.8939688797204,2937.8939688797195,-9.094947017729282e-13,0.0,False,0.16,external_dual_three_phase
external_dual_three_phase_flt2zv_load_10nm,10.0,SubSys2,6,104,False,2,v,fault_test,4544,4886.57410315841,4886.57410315841,4886.57410315841,0.0,0.0,False,0.16,external_dual_three_phase
external_dual_three_phase_flt2zv_load_10nm,10.0,SubSys2,7,119,False,2,v,fault_test,4559,8430.498220153455,8430.498220153455,8430.498220153462,7.275957614183426e-12,0.0,True,0.04,external_dual_three_phase
external_dual_three_phase_flt2zv_load_15nm,15.0,SubSys2,0,2,False,2,v,fault_test,4682,627.3222875123525,627.3222875123525,627.3222875123537,1.1368683772161603e-12,0.0,False,0.6,external_dual_three_phase
external_dual_three_phase_flt2zv_load_15nm,15.0,SubSys2,1,15,False,2,v,fault_test,4695,332.6888741777681,332.6888741777681,332.6888741777674,-7.389644451905042e-13,0.0,False,1.0,external_dual_three_phase
external_dual_three_phase_flt2zv_load_15nm,15.0,SubSys2,2,44,False,2,v,fault_test,4724,450.77567538436944,450.77567538436944,450.7756753843697,2.8421709430404007e-13,0.0,False,0.76,external_dual_three_phase
external_dual_three_phase_flt2zv_load_15nm,15.0,SubSys2,3,59,False,2,v,fault_test,4739,790.1903768493135,790.1903768493135,790.190376849314,5.684341886080801e-13,0.0,False,0.48,external_dual_three_phase
external_dual_three_phase_flt2zv_load_15nm,15.0,SubSys2,4,74,False,2,v,fault_test,4754,1430.6549377900967,1430.6549377900967,1430.6549377900935,-3.183231456205249e-12,0.0,False,0.28,external_dual_three_phase
external_dual_three_phase_flt2zv_load_15nm,15.0,SubSys2,5,89,False,2,v,fault_test,4769,2406.19458307465,2406.19458307465,2406.1945830746527,2.7284841053187847e-12,0.0,False,0.28,external_dual_three_phase
external_dual_three_phase_flt2zv_load_15nm,15.0,SubSys2,6,104,False,2,v,fault_test,4784,4160.421177276552,4160.421177276552,4160.421177276546,-6.366462912410498e-12,0.0,False,0.16,external_dual_three_phase
external_dual_three_phase_flt2zv_load_15nm,15.0,SubSys2,7,119,False,2,v,fault_test,4799,7492.214016727533,7492.214016727533,7492.214016727557,2.3646862246096134e-11,0.0,True,0.04,external_dual_three_phase
external_dual_three_phase_flt2zv_load_20nm,20.0,SubSys2,0,1,False,2,v,fault_test,4921,617.3983178597731,617.3983178597731,617.3983178597725,-5.684341886080801e-13,0.0,False,0.64,external_dual_three_phase
external_dual_three_phase_flt2zv_load_20nm,20.0,SubSys2,1,15,False,2,v,fault_test,4935,358.0602045500962,358.0602045500962,358.06020455009593,-2.8421709430404007e-13,0.0,False,1.0,external_dual_three_phase
external_dual_three_phase_flt2zv_load_20nm,20.0,SubSys2,2,44,False,2,v,fault_test,4964,428.77841424815085,428.77841424815085,428.7784142481504,-4.547473508864641e-13,0.0,False,0.76,external_dual_three_phase
external_dual_three_phase_flt2zv_load_20nm,20.0,SubSys2,3,59,False,2,v,fault_test,4979,650.912520220292,650.912520220292,650.9125202202918,-2.2737367544323206e-13,0.0,False,0.56,external_dual_three_phase
external_dual_three_phase_flt2zv_load_20nm,20.0,SubSys2,4,74,False,2,v,fault_test,4994,1244.5125361011314,1244.5125361011314,1244.5125361011312,-2.2737367544323206e-13,0.0,False,0.4,external_dual_three_phase
external_dual_three_phase_flt2zv_load_20nm,20.0,SubSys2,5,89,False,2,v,fault_test,5009,2127.4756810781555,2127.4756810781555,2127.475681078154,-1.3642420526593924e-12,0.0,False,0.28,external_dual_three_phase
external_dual_three_phase_flt2zv_load_20nm,20.0,SubSys2,6,104,False,2,v,fault_test,5024,3768.3138319030227,3768.313831903023,3768.3138319030163,-6.366462912410498e-12,-4.547473508864641e-13,False,0.16,external_dual_three_phase
external_dual_three_phase_flt2zv_load_20nm,20.0,SubSys2,7,119,False,2,v,fault_test,5039,6990.415314186241,6990.415314186241,6990.415314186241,0.0,0.0,True,0.04,external_dual_three_phase
external_dual_three_phase_flt2zv_load_25nm,25.0,SubSys1,0,2,False,2,v,fault_test,5042,604.5811591278629,604.5811591278629,604.5811591278614,-1.4779288903810084e-12,0.0,False,0.64,external_dual_three_phase
external_dual_three_phase_flt2zv_load_25nm,25.0,SubSys2,1,16,False,2,v,fault_test,5176,369.6435914069493,369.6435914069493,369.6435914069492,-1.1368683772161603e-13,0.0,False,1.0,external_dual_three_phase
external_dual_three_phase_flt2zv_load_25nm,25.0,SubSys2,2,44,False,2,v,fault_test,5204,384.3567701458154,384.3567701458154,384.3567701458162,7.958078640513122e-13,0.0,False,0.92,external_dual_three_phase
external_dual_three_phase_flt2zv_load_25nm,25.0,SubSys2,3,59,False,2,v,fault_test,5219,618.8696521640243,618.8696521640243,618.8696521640239,-3.410605131648481e-13,0.0,False,0.64,external_dual_three_phase
external_dual_three_phase_flt2zv_load_25nm,25.0,SubSys2,4,74,False,2,v,fault_test,5234,1093.761547430772,1093.761547430772,1093.7615474307706,-1.3642420526593924e-12,0.0,False,0.4,external_dual_three_phase
external_dual_three_phase_flt2zv_load_25nm,25.0,SubSys2,5,89,False,2,v,fault_test,5249,1937.4588021756485,1937.4588021756483,1937.4588021756513,2.7284841053187847e-12,2.2737367544323206e-13,False,0.28,external_dual_three_phase
external_dual_three_phase_flt2zv_load_25nm,25.0,SubSys2,6,104,False,2,v,fault_test,5264,3588.2415200919086,3588.241520091909,3588.241520091921,1.2278178473934531e-11,-4.547473508864641e-13,False,0.16,external_dual_three_phase
external_dual_three_phase_flt2zv_load_25nm,25.0,SubSys2,7,119,False,2,v,fault_test,5279,6691.300749665164,6691.300749665164,6691.300749665156,-8.185452315956354e-12,0.0,True,0.04,external_dual_three_phase
external_dual_three_phase_flt2zv_load_30nm,30.0,SubSys1,0,2,False,2,v,fault_test,5282,617.421168071964,617.421168071964,617.421168071965,1.0231815394945443e-12,0.0,False,0.64,external_dual_three_phase
external_dual_three_phase_flt2zv_load_30nm,30.0,SubSys2,1,17,False,2,v,fault_test,5417,373.8384034495738,373.8384034495738,373.83840344957355,-2.2737367544323206e-13,0.0,False,1.0,external_dual_three_phase
external_dual_three_phase_flt2zv_load_30nm,30.0,SubSys2,2,44,False,2,v,fault_test,5444,375.64304574759535,375.64304574759535,375.6430457475953,-5.684341886080802e-14,0.0,False,0.92,external_dual_three_phase
external_dual_three_phase_flt2zv_load_30nm,30.0,SubSys2,3,59,False,2,v,fault_test,5459,562.7065569638713,562.7065569638713,562.7065569638704,-9.094947017729282e-13,0.0,False,0.64,external_dual_three_phase
external_dual_three_phase_flt2zv_load_30nm,30.0,SubSys2,4,74,False,2,v,fault_test,5474,1022.9849773032679,1022.984977303268,1022.9849773032673,-5.684341886080801e-13,-1.1368683772161603e-13,False,0.4,external_dual_three_phase
external_dual_three_phase_flt2zv_load_30nm,30.0,SubSys2,5,89,False,2,v,fault_test,5489,1878.0414364608832,1878.0414364608832,1878.041436460882,-1.1368683772161603e-12,0.0,False,0.28,external_dual_three_phase
external_dual_three_phase_flt2zv_load_30nm,30.0,SubSys2,6,104,False,2,v,fault_test,5504,3446.4263737849215,3446.426373784921,3446.4263737849183,-3.183231456205249e-12,4.547473508864641e-13,False,0.16,external_dual_three_phase
external_dual_three_phase_flt2zv_load_30nm,30.0,SubSys2,7,119,False,2,v,fault_test,5519,6378.891190582214,6378.891190582214,6378.891190582214,0.0,0.0,True,0.04,external_dual_three_phase
external_dual_three_phase_flt2zv_load_35nm,35.0,SubSys2,0,2,False,2,v,fault_test,5642,624.1585333651232,624.1585333651232,624.1585333651241,9.094947017729282e-13,0.0,False,0.64,external_dual_three_phase
external_dual_three_phase_flt2zv_load_35nm,35.0,SubSys2,1,17,False,2,v,fault_test,5657,389.8516067999856,389.8516067999856,389.8516067999862,6.252776074688882e-13,0.0,False,0.92,external_dual_three_phase
external_dual_three_phase_flt2zv_load_35nm,35.0,SubSys2,2,44,False,2,v,fault_test,5684,369.2971853293409,369.2971853293409,369.2971853293416,6.821210263296962e-13,0.0,False,1.0,external_dual_three_phase
external_dual_three_phase_flt2zv_load_35nm,35.0,SubSys2,3,59,False,2,v,fault_test,5699,538.1351846616731,538.1351846616731,538.1351846616724,-6.821210263296962e-13,0.0,False,0.64,external_dual_three_phase
external_dual_three_phase_flt2zv_load_35nm,35.0,SubSys2,4,74,False,2,v,fault_test,5714,987.3714059829141,987.371405982914,987.3714059829132,-9.094947017729282e-13,1.1368683772161603e-13,False,0.4,external_dual_three_phase
external_dual_three_phase_flt2zv_load_35nm,35.0,SubSys2,5,89,False,2,v,fault_test,5729,1809.0645789807434,1809.0645789807436,1809.0645789807431,-2.2737367544323206e-13,-2.2737367544323206e-13,False,0.28,external_dual_three_phase
external_dual_three_phase_flt2zv_load_35nm,35.0,SubSys2,6,104,False,2,v,fault_test,5744,3370.649166261996,3370.649166261996,3370.6491662619987,2.7284841053187847e-12,0.0,False,0.16,external_dual_three_phase
external_dual_three_phase_flt2zv_load_35nm,35.0,SubSys2,7,119,False,2,v,fault_test,5759,6270.884952146452,6270.884952146452,6270.884952146444,-7.275957614183426e-12,0.0,True,0.04,external_dual_three_phase
external_dual_three_phase_flt2zv_load_5nm,5.0,SubSys1,0,2,False,2,v,fault_test,4082,550.113621534237,550.113621534237,550.1136215342366,-4.547473508864641e-13,0.0,False,0.64,external_dual_three_phase
external_dual_three_phase_flt2zv_load_5nm,5.0,SubSys2,1,29,False,2,v,fault_test,4229,496.9101566875604,496.9101566875604,496.91015668756046,5.684341886080802e-14,0.0,False,0.72,external_dual_three_phase
external_dual_three_phase_flt2zv_load_5nm,5.0,SubSys2,2,44,False,2,v,fault_test,4244,934.887911800512,934.887911800512,934.8879118005117,-3.410605131648481e-13,0.0,False,0.4,external_dual_three_phase
external_dual_three_phase_flt2zv_load_5nm,5.0,SubSys2,3,59,False,2,v,fault_test,4259,1611.1715680555853,1611.171568055585,1611.171568055585,-2.2737367544323206e-13,2.2737367544323206e-13,False,0.28,external_dual_three_phase
external_dual_three_phase_flt2zv_load_5nm,5.0,SubSys2,4,74,False,2,v,fault_test,4274,2889.754941920651,2889.754941920651,2889.7549419206466,-4.547473508864641e-12,0.0,False,0.16,external_dual_three_phase
external_dual_three_phase_flt2zv_load_5nm,5.0,SubSys2,5,89,False,2,v,fault_test,4289,4428.0530399122545,4428.053039912255,4428.053039912247,-7.275957614183426e-12,-9.094947017729282e-13,False,0.16,external_dual_three_phase
external_dual_three_phase_flt2zv_load_5nm,5.0,SubSys2,6,104,False,2,v,fault_test,4304,6700.311532120807,6700.311532120807,6700.31153212082,1.2732925824820995e-11,0.0,True,0.04,external_dual_three_phase
external_dual_three_phase_flt2zv_load_5nm,5.0,SubSys2,7,119,False,2,v,fault_test,4319,10524.096275105285,10524.096275105285,10524.096275105285,0.0,0.0,True,0.04,external_dual_three_phase
external_dual_three_phase_flt3zu_load_0nm,0.0,SubSys2,0,1,False,3,u,fault_test,5881,534.965944785837,534.965944785837,534.9659447858373,3.410605131648481e-13,0.0,False,0.64,external_dual_three_phase
external_dual_three_phase_flt3zu_load_0nm,0.0,SubSys2,1,29,False,3,u,fault_test,5909,324.50036066111915,324.50036066111915,324.5003606611195,3.410605131648481e-13,0.0,False,1.0,external_dual_three_phase
external_dual_three_phase_flt3zu_load_0nm,0.0,SubSys2,2,44,False,3,u,fault_test,5924,1771.2646437202686,1771.2646437202686,1771.2646437202677,-9.094947017729282e-13,0.0,False,0.28,external_dual_three_phase
external_dual_three_phase_flt3zu_load_0nm,0.0,SubSys2,3,59,False,3,u,fault_test,5939,6677.099815758235,6677.099815758235,6677.099815758224,-1.0913936421275139e-11,0.0,True,0.04,external_dual_three_phase
external_dual_three_phase_flt3zu_load_0nm,0.0,SubSys2,4,74,False,3,u,fault_test,5954,14399.541217702747,14399.541217702748,14399.541217702761,1.4551915228366852e-11,-1.8189894035458565e-12,True,0.04,external_dual_three_phase
external_dual_three_phase_flt3zu_load_0nm,0.0,SubSys2,5,85,False,3,u,fault_test,5965,24081.87974983048,24081.87974983048,24081.879749830503,2.1827872842550278e-11,0.0,True,0.04,external_dual_three_phase
external_dual_three_phase_flt3zu_load_0nm,0.0,SubSys2,6,100,False,3,u,fault_test,5980,33979.771018036365,33979.771018036365,33979.771018036365,0.0,0.0,True,0.04,external_dual_three_phase
external_dual_three_phase_flt3zu_load_0nm,0.0,SubSys2,7,106,False,3,u,fault_test,5986,35090.04585261448,35090.04585261448,35090.0458526145,2.1827872842550278e-11,0.0,True,0.04,external_dual_three_phase
external_dual_three_phase_flt3zu_load_10nm,10.0,SubSys2,0,2,False,3,u,fault_test,6362,656.3274618373205,656.3274618373205,656.3274618373209,4.547473508864641e-13,0.0,False,0.56,external_dual_three_phase
external_dual_three_phase_flt3zu_load_10nm,10.0,SubSys2,1,18,False,3,u,fault_test,6378,313.08025511307636,313.0802551130764,313.08025511307596,-3.979039320256561e-13,-5.684341886080802e-14,False,1.0,external_dual_three_phase
external_dual_three_phase_flt3zu_load_10nm,10.0,SubSys2,2,44,False,3,u,fault_test,6404,370.8927880323224,370.8927880323224,370.892788032323,5.684341886080801e-13,0.0,False,1.0,external_dual_three_phase
external_dual_three_phase_flt3zu_load_10nm,10.0,SubSys2,3,59,False,3,u,fault_test,6419,1105.5069268149198,1105.5069268149198,1105.5069268149198,0.0,0.0,False,0.4,external_dual_three_phase
external_dual_three_phase_flt3zu_load_10nm,10.0,SubSys2,4,74,False,3,u,fault_test,6434,2602.759795120544,2602.759795120544,2602.759795120541,-2.7284841053187847e-12,0.0,False,0.24,external_dual_three_phase
external_dual_three_phase_flt3zu_load_10nm,10.0,SubSys2,5,89,False,3,u,fault_test,6449,5192.155535877943,5192.155535877943,5192.155535877949,5.4569682106375694e-12,0.0,True,0.04,external_dual_three_phase
external_dual_three_phase_flt3zu_load_10nm,10.0,SubSys2,6,104,False,3,u,fault_test,6464,9110.455601744474,9110.455601744474,9110.455601744477,3.637978807091713e-12,0.0,True,0.04,external_dual_three_phase
external_dual_three_phase_flt3zu_load_10nm,10.0,SubSys2,7,119,False,3,u,fault_test,6479,16722.929111199966,16722.929111199966,16722.929111199992,2.546585164964199e-11,0.0,True,0.04,external_dual_three_phase
external_dual_three_phase_flt3zu_load_15nm,15.0,SubSys2,0,2,False,3,u,fault_test,6602,657.5071076675846,657.5071076675846,657.5071076675852,5.684341886080801e-13,0.0,False,0.56,external_dual_three_phase
external_dual_three_phase_flt3zu_load_15nm,15.0,SubSys2,1,18,False,3,u,fault_test,6618,349.506684049874,349.506684049874,349.5066840498741,5.684341886080802e-14,0.0,False,1.0,external_dual_three_phase
external_dual_three_phase_flt3zu_load_15nm,15.0,SubSys1,2,44,False,3,u,fault_test,6524,326.3610688798702,326.3610688798702,326.3610688798704,2.2737367544323206e-13,0.0,False,1.0,external_dual_three_phase
external_dual_three_phase_flt3zu_load_15nm,15.0,SubSys2,3,59,False,3,u,fault_test,6659,694.7012375777083,694.7012375777083,694.7012375777074,-9.094947017729282e-13,0.0,False,0.52,external_dual_three_phase
external_dual_three_phase_flt3zu_load_15nm,15.0,SubSys2,4,74,False,3,u,fault_test,6674,1762.0439100307074,1762.0439100307074,1762.0439100307076,2.2737367544323206e-13,0.0,False,0.28,external_dual_three_phase
external_dual_three_phase_flt3zu_load_15nm,15.0,SubSys2,5,89,False,3,u,fault_test,6689,3590.4258676883205,3590.4258676883205,3590.4258676883223,1.8189894035458565e-12,0.0,False,0.16,external_dual_three_phase
external_dual_three_phase_flt3zu_load_15nm,15.0,SubSys2,6,104,False,3,u,fault_test,6704,6994.200275159523,6994.200275159523,6994.20027515953,7.275957614183426e-12,0.0,True,0.04,external_dual_three_phase
external_dual_three_phase_flt3zu_load_15nm,15.0,SubSys2,7,119,False,3,u,fault_test,6719,13079.104764994852,13079.104764994852,13079.104764994861,9.094947017729282e-12,0.0,True,0.04,external_dual_three_phase
external_dual_three_phase_flt3zu_load_20nm,20.0,SubSys2,0,2,False,3,u,fault_test,6842,667.3247139027184,667.3247139027184,667.3247139027183,-1.1368683772161603e-13,0.0,False,0.52,external_dual_three_phase
external_dual_three_phase_flt3zu_load_20nm,20.0,SubSys2,1,15,False,3,u,fault_test,6855,365.2668124083752,365.2668124083752,365.2668124083746,-5.684341886080801e-13,0.0,False,1.0,external_dual_three_phase
external_dual_three_phase_flt3zu_load_20nm,20.0,SubSys1,2,44,False,3,u,fault_test,6764,332.8781546022556,332.8781546022556,332.87815460225596,3.410605131648481e-13,0.0,False,1.0,external_dual_three_phase
external_dual_three_phase_flt3zu_load_20nm,20.0,SubSys2,3,59,False,3,u,fault_test,6899,566.3510133396785,566.3510133396785,566.3510133396784,-1.1368683772161603e-13,0.0,False,0.64,external_dual_three_phase
external_dual_three_phase_flt3zu_load_20nm,20.0,SubSys2,4,74,False,3,u,fault_test,6914,1398.5320950712855,1398.5320950712855,1398.532095071285,-4.547473508864641e-13,0.0,False,0.32,external_dual_three_phase
external_dual_three_phase_flt3zu_load_20nm,20.0,SubSys2,5,89,False,3,u,fault_test,6929,2875.5726443666845,2875.5726443666845,2875.572644366682,-2.2737367544323206e-12,0.0,False,0.16,external_dual_three_phase
external_dual_three_phase_flt3zu_load_20nm,20.0,SubSys2,6,104,False,3,u,fault_test,6944,5710.910607799688,5710.910607799688,5710.910607799685,-2.7284841053187847e-12,0.0,True,0.04,external_dual_three_phase
external_dual_three_phase_flt3zu_load_20nm,20.0,SubSys2,7,119,False,3,u,fault_test,6959,11015.05144936789,11015.05144936789,11015.051449367878,-1.0913936421275139e-11,0.0,True,0.04,external_dual_three_phase
external_dual_three_phase_flt3zu_load_25nm,25.0,SubSys2,0,1,False,3,u,fault_test,7081,654.4814178132666,654.4814178132666,654.4814178132667,1.1368683772161603e-13,0.0,False,0.56,external_dual_three_phase
external_dual_three_phase_flt3zu_load_25nm,25.0,SubSys2,1,16,False,3,u,fault_test,7096,389.6314857738252,389.6314857738252,389.6314857738254,1.7053025658242404e-13,0.0,False,0.92,external_dual_three_phase
external_dual_three_phase_flt3zu_load_25nm,25.0,SubSys1,2,44,False,3,u,fault_test,7004,333.8090349469188,333.8090349469188,333.80903494691853,-2.8421709430404007e-13,0.0,False,1.0,external_dual_three_phase
external_dual_three_phase_flt3zu_load_25nm,25.0,SubSys2,3,59,False,3,u,fault_test,7139,477.068625682115,477.068625682115,477.0686256821148,-1.7053025658242404e-13,0.0,False,0.72,external_dual_three_phase
external_dual_three_phase_flt3zu_load_25nm,25.0,SubSys2,4,74,False,3,u,fault_test,7154,1099.4024259675323,1099.4024259675325,1099.402425967532,-2.2737367544323206e-13,-2.2737367544323206e-13,False,0.4,external_dual_three_phase
external_dual_three_phase_flt3zu_load_25nm,25.0,SubSys2,5,89,False,3,u,fault_test,7169,2294.2703701183946,2294.2703701183946,2294.270370118395,4.547473508864641e-13,0.0,False,0.28,external_dual_three_phase
external_dual_three_phase_flt3zu_load_25nm,25.0,SubSys2,6,104,False,3,u,fault_test,7184,4811.539379355828,4811.539379355828,4811.539379355822,-5.4569682106375694e-12,0.0,False,0.16,external_dual_three_phase
external_dual_three_phase_flt3zu_load_25nm,25.0,SubSys2,7,119,False,3,u,fault_test,7199,9581.546945345155,9581.546945345155,9581.546945345166,1.0913936421275139e-11,0.0,True,0.04,external_dual_three_phase
external_dual_three_phase_flt3zu_load_30nm,30.0,SubSys2,0,2,False,3,u,fault_test,7322,656.0013119439539,656.0013119439539,656.0013119439551,1.2505552149377763e-12,0.0,False,0.56,external_dual_three_phase
external_dual_three_phase_flt3zu_load_30nm,30.0,SubSys2,1,15,False,3,u,fault_test,7335,402.06188575459294,402.06188575459294,402.06188575459316,2.2737367544323206e-13,0.0,False,0.88,external_dual_three_phase
external_dual_three_phase_flt3zu_load_30nm,30.0,SubSys1,2,44,False,3,u,fault_test,7244,337.4504970869951,337.4504970869951,337.45049708699554,4.547473508864641e-13,0.0,False,1.0,external_dual_three_phase
external_dual_three_phase_flt3zu_load_30nm,30.0,SubSys1,3,59,False,3,u,fault_test,7259,454.7430529954594,454.7430529954594,454.7430529954585,-8.526512829121202e-13,0.0,False,0.76,external_dual_three_phase
external_dual_three_phase_flt3zu_load_30nm,30.0,SubSys2,4,74,False,3,u,fault_test,7394,982.9907952348768,982.9907952348768,982.9907952348764,-4.547473508864641e-13,0.0,False,0.4,external_dual_three_phase
external_dual_three_phase_flt3zu_load_30nm,30.0,SubSys2,5,89,False,3,u,fault_test,7409,2090.309693678994,2090.309693678994,2090.3096936789943,4.547473508864641e-13,0.0,False,0.28,external_dual_three_phase
external_dual_three_phase_flt3zu_load_30nm,30.0,SubSys2,6,104,False,3,u,fault_test,7424,4303.911317130139,4303.911317130139,4303.911317130143,4.547473508864641e-12,0.0,False,0.16,external_dual_three_phase
external_dual_three_phase_flt3zu_load_30nm,30.0,SubSys2,7,119,False,3,u,fault_test,7439,8726.330154097215,8726.330154097215,8726.330154097208,-7.275957614183426e-12,0.0,True,0.04,external_dual_three_phase
external_dual_three_phase_flt3zu_load_35nm,35.0,SubSys2,0,2,False,3,u,fault_test,7562,663.2010066322713,663.2010066322713,663.2010066322702,-1.1368683772161603e-12,0.0,False,0.56,external_dual_three_phase
external_dual_three_phase_flt3zu_load_35nm,35.0,SubSys2,1,16,False,3,u,fault_test,7576,395.41839924767896,395.41839924767896,395.41839924767953,5.684341886080801e-13,0.0,False,0.92,external_dual_three_phase
external_dual_three_phase_flt3zu_load_35nm,35.0,SubSys1,2,44,False,3,u,fault_test,7484,336.0570093031653,336.0570093031653,336.0570093031648,-4.547473508864641e-13,0.0,False,1.0,external_dual_three_phase
external_dual_three_phase_flt3zu_load_35nm,35.0,SubSys1,3,59,False,3,u,fault_test,7499,456.55707814603517,456.5570781460352,456.5570781460348,-3.410605131648481e-13,-5.684341886080802e-14,False,0.76,external_dual_three_phase
external_dual_three_phase_flt3zu_load_35nm,35.0,SubSys2,4,74,False,3,u,fault_test,7634,853.9393090223055,853.9393090223055,853.939309022307,1.5916157281026244e-12,0.0,False,0.4,external_dual_three_phase
external_dual_three_phase_flt3zu_load_35nm,35.0,SubSys2,5,89,False,3,u,fault_test,7649,1803.175906533942,1803.175906533942,1803.1759065339406,-1.3642420526593924e-12,0.0,False,0.28,external_dual_three_phase
external_dual_three_phase_flt3zu_load_35nm,35.0,SubSys2,6,104,False,3,u,fault_test,7664,3756.7971965672646,3756.797196567265,3756.7971965672677,3.183231456205249e-12,-4.547473508864641e-13,False,0.16,external_dual_three_phase
external_dual_three_phase_flt3zu_load_35nm,35.0,SubSys2,7,119,False,3,u,fault_test,7679,7885.6959257086555,7885.695925708655,7885.695925708659,3.637978807091713e-12,9.094947017729282e-13,True,0.04,external_dual_three_phase
external_dual_three_phase_flt3zu_load_5nm,5.0,SubSys2,0,0,False,3,u,fault_test,6120,639.2004335121894,639.2004335121894,639.2004335121899,4.547473508864641e-13,0.0,False,0.56,external_dual_three_phase
external_dual_three_phase_flt3zu_load_5nm,5.0,SubSys2,1,16,False,3,u,fault_test,6136,282.80537431653914,282.80537431653914,282.80537431653954,3.979039320256561e-13,0.0,False,1.0,external_dual_three_phase
external_dual_three_phase_flt3zu_load_5nm,5.0,SubSys2,2,44,False,3,u,fault_test,6164,762.051601333304,762.051601333304,762.0516013333024,-1.5916157281026244e-12,0.0,False,0.52,external_dual_three_phase
external_dual_three_phase_flt3zu_load_5nm,5.0,SubSys2,3,59,False,3,u,fault_test,6179,2269.534266821138,2269.534266821138,2269.534266821136,-1.8189894035458565e-12,0.0,False,0.28,external_dual_three_phase
external_dual_three_phase_flt3zu_load_5nm,5.0,SubSys2,4,74,False,3,u,fault_test,6194,4790.846285544351,4790.846285544351,4790.846285544355,3.637978807091713e-12,0.0,False,0.16,external_dual_three_phase
external_dual_three_phase_flt3zu_load_5nm,5.0,SubSys2,5,89,False,3,u,fault_test,6209,9372.85401285954,9372.85401285954,9372.854012859556,1.6370904631912708e-11,0.0,True,0.04,external_dual_three_phase
external_dual_three_phase_flt3zu_load_5nm,5.0,SubSys2,6,104,False,3,u,fault_test,6224,15461.943074659453,15461.943074659452,15461.94307465945,-3.637978807091713e-12,1.8189894035458565e-12,True,0.04,external_dual_three_phase
external_dual_three_phase_flt3zu_load_5nm,5.0,SubSys2,7,115,False,3,u,fault_test,6235,24605.401987783458,24605.401987783454,24605.401987783465,7.275957614183426e-12,3.637978807091713e-12,True,0.04,external_dual_three_phase
external_dual_three_phase_flt4zv_load_0nm,0.0,SubSys2,0,14,False,4,v,fault_test,7814,957.6977686130169,957.6977686130168,957.697768613017,1.1368683772161603e-13,1.1368683772161603e-13,False,0.4,external_dual_three_phase
external_dual_three_phase_flt4zv_load_0nm,0.0,SubSys2,1,29,False,4,v,fault_test,7829,2019.7607095025496,2019.7607095025496,2019.7607095025487,-9.094947017729282e-13,0.0,False,0.28,external_dual_three_phase
external_dual_three_phase_flt4zv_load_0nm,0.0,SubSys2,2,44,False,4,v,fault_test,7844,4260.362134570735,4260.362134570735,4260.362134570734,-9.094947017729282e-13,0.0,False,0.16,external_dual_three_phase
external_dual_three_phase_flt4zv_load_0nm,0.0,SubSys2,3,55,False,4,v,fault_test,7855,7808.198078407231,7808.198078407231,7808.198078407236,4.547473508864641e-12,0.0,True,0.04,external_dual_three_phase
external_dual_three_phase_flt4zv_load_0nm,0.0,SubSys2,4,70,False,4,v,fault_test,7870,12620.377331543852,12620.377331543852,12620.377331543832,-2.000888343900442e-11,0.0,True,0.04,external_dual_three_phase
external_dual_three_phase_flt4zv_load_0nm,0.0,SubSys2,5,80,False,4,v,fault_test,7880,14884.919932144367,14884.919932144368,14884.919932144361,-5.4569682106375694e-12,-1.8189894035458565e-12,True,0.04,external_dual_three_phase
external_dual_three_phase_flt4zv_load_0nm,0.0,SubSys2,6,91,False,4,v,fault_test,7891,16056.932698497638,16056.932698497638,16056.932698497663,2.546585164964199e-11,0.0,True,0.04,external_dual_three_phase
external_dual_three_phase_flt4zv_load_0nm,0.0,SubSys2,7,107,False,4,v,fault_test,7907,11484.66745666933,11484.66745666933,11484.667456669327,-1.8189894035458565e-12,0.0,True,0.04,external_dual_three_phase
external_dual_three_phase_flt4zv_load_10nm,10.0,SubSys1,0,2,False,4,v,fault_test,8162,591.8308253228718,591.8308253228718,591.8308253228722,4.547473508864641e-13,0.0,False,0.64,external_dual_three_phase
external_dual_three_phase_flt4zv_load_10nm,10.0,SubSys2,1,29,False,4,v,fault_test,8309,534.0316412557871,534.0316412557871,534.0316412557872,1.1368683772161603e-13,0.0,False,0.64,external_dual_three_phase
external_dual_three_phase_flt4zv_load_10nm,10.0,SubSys2,2,44,False,4,v,fault_test,8324,863.3185155676606,863.3185155676606,863.3185155676593,-1.2505552149377763e-12,0.0,False,0.4,external_dual_three_phase
external_dual_three_phase_flt4zv_load_10nm,10.0,SubSys2,3,59,False,4,v,fault_test,8339,1340.6504474579056,1340.6504474579056,1340.6504474579044,-1.1368683772161603e-12,0.0,False,0.36,external_dual_three_phase
external_dual_three_phase_flt4zv_load_10nm,10.0,SubSys2,4,74,False,4,v,fault_test,8354,2176.4099658857035,2176.4099658857035,2176.4099658857,-3.637978807091713e-12,0.0,False,0.28,external_dual_three_phase
external_dual_three_phase_flt4zv_load_10nm,10.0,SubSys2,5,89,False,4,v,fault_test,8369,3347.9179412937992,3347.9179412937992,3347.9179412937997,4.547473508864641e-13,0.0,False,0.16,external_dual_three_phase
external_dual_three_phase_flt4zv_load_10nm,10.0,SubSys2,6,104,False,4,v,fault_test,8384,5449.835740937704,5449.835740937704,5449.835740937716,1.1823431123048067e-11,0.0,True,0.04,external_dual_three_phase
external_dual_three_phase_flt4zv_load_10nm,10.0,SubSys2,7,119,False,4,v,fault_test,8399,9047.303805339621,9047.30380533962,9047.303805339623,1.8189894035458565e-12,1.8189894035458565e-12,True,0.04,external_dual_three_phase
external_dual_three_phase_flt4zv_load_15nm,15.0,SubSys1,0,1,False,4,v,fault_test,8401,593.1489909299623,593.1489909299623,593.1489909299618,-5.684341886080801e-13,0.0,False,0.64,external_dual_three_phase
external_dual_three_phase_flt4zv_load_15nm,15.0,SubSys2,1,29,False,4,v,fault_test,8549,422.1715154572767,422.1715154572767,422.17151545727637,-3.410605131648481e-13,0.0,False,0.76,external_dual_three_phase
external_dual_three_phase_flt4zv_load_15nm,15.0,SubSys2,2,44,False,4,v,fault_test,8564,660.7812302158958,660.7812302158958,660.7812302158958,0.0,0.0,False,0.56,external_dual_three_phase
external_dual_three_phase_flt4zv_load_15nm,15.0,SubSys2,3,59,False,4,v,fault_test,8579,1056.548871369346,1056.548871369346,1056.5488713693458,-2.2737367544323206e-13,0.0,False,0.4,external_dual_three_phase
external_dual_three_phase_flt4zv_load_15nm,15.0,SubSys2,4,74,False,4,v,fault_test,8594,1759.8894817521623,1759.8894817521625,1759.8894817521632,9.094947017729282e-13,-2.2737367544323206e-13,False,0.28,external_dual_three_phase
external_dual_three_phase_flt4zv_load_15nm,15.0,SubSys2,5,89,False,4,v,fault_test,8609,2873.3293031841226,2873.329303184122,2873.329303184121,-1.8189894035458565e-12,4.547473508864641e-13,False,0.16,external_dual_three_phase
external_dual_three_phase_flt4zv_load_15nm,15.0,SubSys2,6,104,False,4,v,fault_test,8624,4747.868791308118,4747.868791308118,4747.868791308114,-3.637978807091713e-12,0.0,False,0.16,external_dual_three_phase
external_dual_three_phase_flt4zv_load_15nm,15.0,SubSys2,7,119,False,4,v,fault_test,8639,8325.506932522754,8325.506932522754,8325.506932522756,1.8189894035458565e-12,0.0,True,0.04,external_dual_three_phase
external_dual_three_phase_flt4zv_load_20nm,20.0,SubSys1,0,2,False,4,v,fault_test,8642,624.6085657150101,624.6085657150101,624.6085657150102,1.1368683772161603e-13,0.0,False,0.64,external_dual_three_phase
external_dual_three_phase_flt4zv_load_20nm,20.0,SubSys2,1,29,False,4,v,fault_test,8789,378.49387065884986,378.49387065884986,378.4938706588498,-5.684341886080802e-14,0.0,False,0.92,external_dual_three_phase
external_dual_three_phase_flt4zv_load_20nm,20.0,SubSys2,2,44,False,4,v,fault_test,8804,598.0939795871253,598.0939795871253,598.0939795871252,-1.1368683772161603e-13,0.0,False,0.64,external_dual_three_phase
external_dual_three_phase_flt4zv_load_20nm,20.0,SubSys2,3,59,False,4,v,fault_test,8819,914.3976291922197,914.3976291922196,914.3976291922191,-5.684341886080801e-13,1.1368683772161603e-13,False,0.4,external_dual_three_phase
external_dual_three_phase_flt4zv_load_20nm,20.0,SubSys2,4,74,False,4,v,fault_test,8834,1574.5802815941784,1574.5802815941784,1574.5802815941813,2.9558577807620168e-12,0.0,False,0.28,external_dual_three_phase
external_dual_three_phase_flt4zv_load_20nm,20.0,SubSys2,5,89,False,4,v,fault_test,8849,2584.752852539585,2584.752852539585,2584.75285253959,5.002220859751105e-12,0.0,False,0.28,external_dual_three_phase
external_dual_three_phase_flt4zv_load_20nm,20.0,SubSys2,6,104,False,4,v,fault_test,8864,4422.886793913554,4422.886793913554,4422.88679391355,-4.547473508864641e-12,0.0,False,0.16,external_dual_three_phase
external_dual_three_phase_flt4zv_load_20nm,20.0,SubSys2,7,119,False,4,v,fault_test,8879,7883.402365961719,7883.402365961719,7883.402365961721,2.7284841053187847e-12,0.0,True,0.04,external_dual_three_phase
external_dual_three_phase_flt4zv_load_25nm,25.0,SubSys1,0,2,False,4,v,fault_test,8882,590.0545340517169,590.0545340517169,590.0545340517164,-5.684341886080801e-13,0.0,False,0.64,external_dual_three_phase
external_dual_three_phase_flt4zv_load_25nm,25.0,SubSys2,1,27,False,4,v,fault_test,9027,356.4596204558095,356.4596204558095,356.4596204558091,-3.979039320256561e-13,0.0,False,1.0,external_dual_three_phase
external_dual_three_phase_flt4zv_load_25nm,25.0,SubSys2,2,44,False,4,v,fault_test,9044,528.3205937475607,528.3205937475607,528.3205937475608,1.1368683772161603e-13,0.0,False,0.68,external_dual_three_phase
external_dual_three_phase_flt4zv_load_25nm,25.0,SubSys2,3,59,False,4,v,fault_test,9059,833.5432131105732,833.5432131105732,833.5432131105741,9.094947017729282e-13,0.0,False,0.4,external_dual_three_phase
external_dual_three_phase_flt4zv_load_25nm,25.0,SubSys2,4,74,False,4,v,fault_test,9074,1393.4149220399458,1393.4149220399458,1393.4149220399465,6.821210263296962e-13,0.0,False,0.36,external_dual_three_phase
external_dual_three_phase_flt4zv_load_25nm,25.0,SubSys2,5,89,False,4,v,fault_test,9089,2402.274739260162,2402.274739260162,2402.2747392601623,4.547473508864641e-13,0.0,False,0.28,external_dual_three_phase
external_dual_three_phase_flt4zv_load_25nm,25.0,SubSys2,6,104,False,4,v,fault_test,9104,4164.1612961409555,4164.161296140956,4164.161296140957,1.8189894035458565e-12,-9.094947017729282e-13,False,0.16,external_dual_three_phase
external_dual_three_phase_flt4zv_load_25nm,25.0,SubSys2,7,119,False,4,v,fault_test,9119,7660.49004894865,7660.49004894865,7660.490048948667,1.7280399333685637e-11,0.0,True,0.04,external_dual_three_phase
external_dual_three_phase_flt4zv_load_30nm,30.0,SubSys2,0,2,False,4,v,fault_test,9242,616.2867378724134,616.2867378724134,616.2867378724137,3.410605131648481e-13,0.0,False,0.64,external_dual_three_phase
external_dual_three_phase_flt4zv_load_30nm,30.0,SubSys2,1,24,False,4,v,fault_test,9264,351.17711750799225,351.17711750799225,351.1771175079915,-7.389644451905042e-13,0.0,False,1.0,external_dual_three_phase
external_dual_three_phase_flt4zv_load_30nm,30.0,SubSys2,2,44,False,4,v,fault_test,9284,467.8008173864941,467.8008173864941,467.8008173864938,-2.8421709430404007e-13,0.0,False,0.76,external_dual_three_phase
external_dual_three_phase_flt4zv_load_30nm,30.0,SubSys2,3,59,False,4,v,fault_test,9299,783.0462415253457,783.0462415253457,783.046241525347,1.2505552149377763e-12,0.0,False,0.48,external_dual_three_phase
external_dual_three_phase_flt4zv_load_30nm,30.0,SubSys2,4,74,False,4,v,fault_test,9314,1401.4574626458316,1401.4574626458316,1401.457462645829,-2.5011104298755527e-12,0.0,False,0.32,external_dual_three_phase
external_dual_three_phase_flt4zv_load_30nm,30.0,SubSys2,5,89,False,4,v,fault_test,9329,2285.9258167850803,2285.9258167850803,2285.925816785082,1.8189894035458565e-12,0.0,False,0.28,external_dual_three_phase
external_dual_three_phase_flt4zv_load_30nm,30.0,SubSys2,6,104,False,4,v,fault_test,9344,4062.149394226784,4062.149394226784,4062.1493942267825,-1.3642420526593924e-12,0.0,False,0.16,external_dual_three_phase
external_dual_three_phase_flt4zv_load_30nm,30.0,SubSys2,7,119,False,4,v,fault_test,9359,7533.566701766351,7533.566701766351,7533.566701766364,1.2732925824820995e-11,0.0,True,0.04,external_dual_three_phase
external_dual_three_phase_flt4zv_load_35nm,35.0,SubSys1,0,2,False,4,v,fault_test,9362,614.9619887691786,614.9619887691786,614.9619887691781,-4.547473508864641e-13,0.0,False,0.64,external_dual_three_phase
external_dual_three_phase_flt4zv_load_35nm,35.0,SubSys2,1,29,False,4,v,fault_test,9509,352.1397233551795,352.1397233551795,352.1397233551789,-6.252776074688882e-13,0.0,False,1.0,external_dual_three_phase
external_dual_three_phase_flt4zv_load_35nm,35.0,SubSys2,2,44,False,4,v,fault_test,9524,450.04656065935166,450.04656065935166,450.0465606593512,-4.547473508864641e-13,0.0,False,0.76,external_dual_three_phase
external_dual_three_phase_flt4zv_load_35nm,35.0,SubSys2,3,59,False,4,v,fault_test,9539,734.3710568251896,734.3710568251896,734.3710568251904,7.958078640513122e-13,0.0,False,0.52,external_dual_three_phase
external_dual_three_phase_flt4zv_load_35nm,35.0,SubSys2,4,74,False,4,v,fault_test,9554,1322.5193469748021,1322.519346974802,1322.5193469748033,1.1368683772161603e-12,2.2737367544323206e-13,False,0.4,external_dual_three_phase
external_dual_three_phase_flt4zv_load_35nm,35.0,SubSys2,5,89,False,4,v,fault_test,9569,2210.445147979062,2210.445147979062,2210.4451479790596,-2.2737367544323206e-12,0.0,False,0.28,external_dual_three_phase
external_dual_three_phase_flt4zv_load_35nm,35.0,SubSys2,6,104,False,4,v,fault_test,9584,4029.3588547359973,4029.358854735997,4029.358854735998,9.094947017729282e-13,4.547473508864641e-13,False,0.16,external_dual_three_phase
external_dual_three_phase_flt4zv_load_35nm,35.0,SubSys2,7,119,False,4,v,fault_test,9599,7333.019629205017,7333.019629205017,7333.019629205005,-1.1823431123048067e-11,0.0,True,0.04,external_dual_three_phase
external_dual_three_phase_flt4zv_load_5nm,5.0,SubSys1,0,2,False,4,v,fault_test,7922,582.4230747197632,582.4230747197632,582.4230747197628,-4.547473508864641e-13,0.0,False,0.64,external_dual_three_phase
external_dual_three_phase_flt4zv_load_5nm,5.0,SubSys2,1,29,False,4,v,fault_test,8069,850.2007433200317,850.2007433200317,850.2007433200316,-1.1368683772161603e-13,0.0,False,0.4,external_dual_three_phase
external_dual_three_phase_flt4zv_load_5nm,5.0,SubSys2,2,44,False,4,v,fault_test,8084,1469.0451746685012,1469.0451746685012,1469.045174668502,9.094947017729282e-13,0.0,False,0.28,external_dual_three_phase
external_dual_three_phase_flt4zv_load_5nm,5.0,SubSys2,3,59,False,4,v,fault_test,8099,2104.0271113817944,2104.0271113817944,2104.027111381793,-1.3642420526593924e-12,0.0,False,0.28,external_dual_three_phase
external_dual_three_phase_flt4zv_load_5nm,5.0,SubSys2,4,71,False,4,v,fault_test,8111,3451.4392640745214,3451.4392640745214,3451.439264074517,-4.547473508864641e-12,0.0,False,0.16,external_dual_three_phase
external_dual_three_phase_flt4zv_load_5nm,5.0,SubSys2,5,89,False,4,v,fault_test,8129,4728.828059042598,4728.828059042598,4728.828059042603,4.547473508864641e-12,0.0,False,0.16,external_dual_three_phase
external_dual_three_phase_flt4zv_load_5nm,5.0,SubSys2,6,104,False,4,v,fault_test,8144,7155.833038657033,7155.833038657033,7155.8330386570415,8.185452315956354e-12,0.0,True,0.04,external_dual_three_phase
external_dual_three_phase_flt4zv_load_5nm,5.0,SubSys2,7,115,False,4,v,fault_test,8155,11454.224109100123,11454.224109100123,11454.22410910009,-3.2741809263825417e-11,0.0,True,0.04,external_dual_three_phase
external_dual_three_phase_flt5zu_load_0nm,0.0,SubSys1,0,1,False,5,u,fault_test,9601,518.2005809121048,518.2005809121048,518.2005809121042,-5.684341886080801e-13,0.0,False,0.68,external_dual_three_phase
external_dual_three_phase_flt5zu_load_0nm,0.0,SubSys2,1,29,False,5,u,fault_test,9749,1680.7458562406084,1680.7458562406084,1680.7458562406082,-2.2737367544323206e-13,0.0,False,0.28,external_dual_three_phase
external_dual_three_phase_flt5zu_load_0nm,0.0,SubSys2,2,44,False,5,u,fault_test,9764,4530.634788886005,4530.634788886005,4530.634788886014,9.094947017729282e-12,0.0,False,0.16,external_dual_three_phase
external_dual_three_phase_flt5zu_load_0nm,0.0,SubSys2,3,55,False,5,u,fault_test,9775,9704.144243073564,9704.144243073564,9704.144243073568,3.637978807091713e-12,0.0,True,0.04,external_dual_three_phase
external_dual_three_phase_flt5zu_load_0nm,0.0,SubSys2,4,74,False,5,u,fault_test,9794,19493.55055597195,19493.55055597195,19493.550555972,5.093170329928398e-11,0.0,True,0.04,external_dual_three_phase
external_dual_three_phase_flt5zu_load_0nm,0.0,SubSys2,5,85,False,5,u,fault_test,9805,29913.627983854014,29913.62798385401,29913.627983854003,-1.0913936421275139e-11,3.637978807091713e-12,True,0.04,external_dual_three_phase
external_dual_three_phase_flt5zu_load_0nm,0.0,SubSys2,6,91,False,5,u,fault_test,9811,34139.45791590328,34139.45791590328,34139.45791590335,7.275957614183426e-11,0.0,True,0.04,external_dual_three_phase
external_dual_three_phase_flt5zu_load_0nm,0.0,SubSys1,7,110,False,5,u,fault_test,9710,29628.29726652931,29628.29726652931,29628.297266529324,1.4551915228366852e-11,0.0,True,0.04,external_dual_three_phase
external_dual_three_phase_flt5zu_load_10nm,10.0,SubSys1,0,2,False,5,u,fault_test,10082,610.1275359945224,610.1275359945224,610.1275359945231,6.821210263296962e-13,0.0,False,0.64,external_dual_three_phase
external_dual_three_phase_flt5zu_load_10nm,10.0,SubSys2,1,29,False,5,u,fault_test,10229,383.19104656226057,383.19104656226057,383.1910465622609,3.410605131648481e-13,0.0,False,0.92,external_dual_three_phase
external_dual_three_phase_flt5zu_load_10nm,10.0,SubSys2,2,44,False,5,u,fault_test,10244,1057.6930577804271,1057.6930577804271,1057.693057780427,-2.2737367544323206e-13,0.0,False,0.4,external_dual_three_phase
external_dual_three_phase_flt5zu_load_10nm,10.0,SubSys2,3,59,False,5,u,fault_test,10259,1852.3002719727972,1852.3002719727967,1852.3002719727983,1.1368683772161603e-12,4.547473508864641e-13,False,0.28,external_dual_three_phase
external_dual_three_phase_flt5zu_load_10nm,10.0,SubSys2,4,74,False,5,u,fault_test,10274,3364.350412612459,3364.350412612459,3364.35041261246,9.094947017729282e-13,0.0,False,0.16,external_dual_three_phase
external_dual_three_phase_flt5zu_load_10nm,10.0,SubSys2,5,89,False,5,u,fault_test,10289,5662.821238085383,5662.821238085383,5662.821238085379,-3.637978807091713e-12,0.0,True,0.04,external_dual_three_phase
external_dual_three_phase_flt5zu_load_10nm,10.0,SubSys2,6,104,False,5,u,fault_test,10304,9380.102577433046,9380.102577433046,9380.102577433046,0.0,0.0,True,0.04,external_dual_three_phase
external_dual_three_phase_flt5zu_load_10nm,10.0,SubSys2,7,119,False,5,u,fault_test,10319,14927.034111210873,14927.034111210873,14927.034111210842,-3.092281986027956e-11,0.0,True,0.04,external_dual_three_phase
external_dual_three_phase_flt5zu_load_15nm,15.0,SubSys1,0,1,False,5,u,fault_test,10321,592.2558518955145,592.2558518955145,592.2558518955137,-7.958078640513122e-13,0.0,False,0.64,external_dual_three_phase
external_dual_three_phase_flt5zu_load_15nm,15.0,SubSys2,1,29,False,5,u,fault_test,10469,348.06112765164903,348.06112765164903,348.0611276516495,4.547473508864641e-13,0.0,False,1.0,external_dual_three_phase
external_dual_three_phase_flt5zu_load_15nm,15.0,SubSys2,2,44,False,5,u,fault_test,10484,600.106630062658,600.106630062658,600.106630062658,0.0,0.0,False,0.64,external_dual_three_phase
external_dual_three_phase_flt5zu_load_15nm,15.0,SubSys2,3,59,False,5,u,fault_test,10499,1282.6902898955213,1282.6902898955211,1282.6902898955188,-2.5011104298755527e-12,2.2737367544323206e-13,False,0.4,external_dual_three_phase
external_dual_three_phase_flt5zu_load_15nm,15.0,SubSys2,4,74,False,5,u,fault_test,10514,2482.141068113448,2482.141068113448,2482.1410681134503,2.2737367544323206e-12,0.0,False,0.28,external_dual_three_phase
external_dual_three_phase_flt5zu_load_15nm,15.0,SubSys2,5,89,False,5,u,fault_test,10529,4232.042187869672,4232.042187869672,4232.042187869668,-3.637978807091713e-12,0.0,False,0.16,external_dual_three_phase
external_dual_three_phase_flt5zu_load_15nm,15.0,SubSys2,6,104,False,5,u,fault_test,10544,7205.927397445061,7205.927397445061,7205.927397445065,4.547473508864641e-12,0.0,True,0.04,external_dual_three_phase
external_dual_three_phase_flt5zu_load_15nm,15.0,SubSys2,7,119,False,5,u,fault_test,10559,12298.580332355516,12298.580332355516,12298.580332355503,-1.2732925824820995e-11,0.0,True,0.04,external_dual_three_phase
external_dual_three_phase_flt5zu_load_20nm,20.0,SubSys1,0,2,False,5,u,fault_test,10562,610.2889757158487,610.2889757158487,610.2889757158476,-1.0231815394945443e-12,0.0,False,0.64,external_dual_three_phase
external_dual_three_phase_flt5zu_load_20nm,20.0,SubSys1,1,16,False,5,u,fault_test,10576,333.92330652650475,333.92330652650475,333.9233065265041,-6.252776074688882e-13,0.0,False,1.0,external_dual_three_phase
external_dual_three_phase_flt5zu_load_20nm,20.0,SubSys2,2,44,False,5,u,fault_test,10724,497.5710969701317,497.5710969701317,497.57109697013243,7.389644451905042e-13,0.0,False,0.72,external_dual_three_phase
external_dual_three_phase_flt5zu_load_20nm,20.0,SubSys2,3,59,False,5,u,fault_test,10739,985.5924324117024,985.5924324117024,985.5924324117033,9.094947017729282e-13,0.0,False,0.4,external_dual_three_phase
external_dual_three_phase_flt5zu_load_20nm,20.0,SubSys2,4,74,False,5,u,fault_test,10754,1872.3250700160104,1872.3250700160104,1872.3250700160095,-9.094947017729282e-13,0.0,False,0.28,external_dual_three_phase
external_dual_three_phase_flt5zu_load_20nm,20.0,SubSys2,5,89,False,5,u,fault_test,10769,3386.649211549887,3386.649211549887,3386.649211549883,-3.637978807091713e-12,0.0,False,0.16,external_dual_three_phase
external_dual_three_phase_flt5zu_load_20nm,20.0,SubSys2,6,104,False,5,u,fault_test,10784,6092.344046975767,6092.344046975767,6092.344046975771,3.637978807091713e-12,0.0,True,0.04,external_dual_three_phase
external_dual_three_phase_flt5zu_load_20nm,20.0,SubSys2,7,119,False,5,u,fault_test,10799,10727.427668579745,10727.427668579743,10727.427668579747,1.8189894035458565e-12,1.8189894035458565e-12,True,0.04,external_dual_three_phase
external_dual_three_phase_flt5zu_load_25nm,25.0,SubSys2,0,1,False,5,u,fault_test,10921,616.0308919696712,616.0308919696712,616.030891969673,1.8189894035458565e-12,0.0,False,0.64,external_dual_three_phase
external_dual_three_phase_flt5zu_load_25nm,25.0,SubSys1,1,20,False,5,u,fault_test,10820,337.0660575487519,337.0660575487519,337.0660575487519,0.0,0.0,False,1.0,external_dual_three_phase
external_dual_three_phase_flt5zu_load_25nm,25.0,SubSys2,2,44,False,5,u,fault_test,10964,414.0052530707856,414.0052530707856,414.0052530707862,5.684341886080801e-13,0.0,False,0.84,external_dual_three_phase
external_dual_three_phase_flt5zu_load_25nm,25.0,SubSys2,3,59,False,5,u,fault_test,10979,800.8431964257643,800.8431964257643,800.8431964257643,0.0,0.0,False,0.48,external_dual_three_phase
external_dual_three_phase_flt5zu_load_25nm,25.0,SubSys2,4,74,False,5,u,fault_test,10994,1666.3941507999746,1666.3941507999746,1666.394150799972,-2.5011104298755527e-12,0.0,False,0.28,external_dual_three_phase
external_dual_three_phase_flt5zu_load_25nm,25.0,SubSys2,5,89,False,5,u,fault_test,11009,2956.8925583474847,2956.8925583474847,2956.892558347484,-9.094947017729282e-13,0.0,False,0.16,external_dual_three_phase
external_dual_three_phase_flt5zu_load_25nm,25.0,SubSys2,6,104,False,5,u,fault_test,11024,5422.332361292055,5422.332361292055,5422.332361292043,-1.1823431123048067e-11,0.0,True,0.04,external_dual_three_phase
external_dual_three_phase_flt5zu_load_25nm,25.0,SubSys2,7,119,False,5,u,fault_test,11039,9781.55081053743,9781.55081053743,9781.550810537428,-1.8189894035458565e-12,0.0,True,0.04,external_dual_three_phase
external_dual_three_phase_flt5zu_load_30nm,30.0,SubSys1,0,2,False,5,u,fault_test,11042,620.5950832536797,620.5950832536797,620.5950832536787,-1.0231815394945443e-12,0.0,False,0.64,external_dual_three_phase
external_dual_three_phase_flt5zu_load_30nm,30.0,SubSys1,1,20,False,5,u,fault_test,11060,341.07112535423676,341.0711253542368,341.071125354237,2.2737367544323206e-13,-5.684341886080802e-14,False,1.0,external_dual_three_phase
external_dual_three_phase_flt5zu_load_30nm,30.0,SubSys2,2,44,False,5,u,fault_test,11204,368.07433066830475,368.0743306683048,368.0743306683049,1.7053025658242404e-13,-5.684341886080802e-14,False,1.0,external_dual_three_phase
external_dual_three_phase_flt5zu_load_30nm,30.0,SubSys2,3,59,False,5,u,fault_test,11219,707.8789037670222,707.8789037670222,707.8789037670234,1.2505552149377763e-12,0.0,False,0.52,external_dual_three_phase
external_dual_three_phase_flt5zu_load_30nm,30.0,SubSys2,4,74,False,5,u,fault_test,11234,1461.2346447924433,1461.2346447924433,1461.2346447924422,-1.1368683772161603e-12,0.0,False,0.28,external_dual_three_phase
external_dual_three_phase_flt5zu_load_30nm,30.0,SubSys2,5,89,False,5,u,fault_test,11249,2612.364586230956,2612.364586230956,2612.364586230953,-2.7284841053187847e-12,0.0,False,0.24,external_dual_three_phase
external_dual_three_phase_flt5zu_load_30nm,30.0,SubSys2,6,104,False,5,u,fault_test,11264,4924.2451342983895,4924.2451342983895,4924.245134298392,2.7284841053187847e-12,0.0,False,0.16,external_dual_three_phase
external_dual_three_phase_flt5zu_load_30nm,30.0,SubSys2,7,119,False,5,u,fault_test,11279,9236.571276397495,9236.571276397495,9236.57127639751,1.4551915228366852e-11,0.0,True,0.04,external_dual_three_phase
external_dual_three_phase_flt5zu_load_35nm,35.0,SubSys1,0,2,False,5,u,fault_test,11282,612.9067113626654,612.9067113626654,612.9067113626674,1.9326762412674725e-12,0.0,False,0.64,external_dual_three_phase
external_dual_three_phase_flt5zu_load_35nm,35.0,SubSys2,1,17,False,5,u,fault_test,11417,337.7159336538313,337.7159336538313,337.7159336538325,1.1937117960769683e-12,0.0,False,1.0,external_dual_three_phase
external_dual_three_phase_flt5zu_load_35nm,35.0,SubSys2,2,44,False,5,u,fault_test,11444,369.8982642837665,369.8982642837665,369.8982642837668,3.410605131648481e-13,0.0,False,1.0,external_dual_three_phase
external_dual_three_phase_flt5zu_load_35nm,35.0,SubSys2,3,59,False,5,u,fault_test,11459,626.5821219813531,626.5821219813531,626.5821219813525,-5.684341886080801e-13,0.0,False,0.6,external_dual_three_phase
external_dual_three_phase_flt5zu_load_35nm,35.0,SubSys2,4,74,False,5,u,fault_test,11474,1281.0677057160642,1281.0677057160642,1281.0677057160644,2.2737367544323206e-13,0.0,False,0.4,external_dual_three_phase
external_dual_three_phase_flt5zu_load_35nm,35.0,SubSys2,5,89,False,5,u,fault_test,11489,2399.3253171195984,2399.3253171195984,2399.3253171195997,1.3642420526593924e-12,0.0,False,0.28,external_dual_three_phase
external_dual_three_phase_flt5zu_load_35nm,35.0,SubSys2,6,104,False,5,u,fault_test,11504,4578.826432483571,4578.826432483571,4578.82643248356,-1.0913936421275139e-11,0.0,False,0.16,external_dual_three_phase
external_dual_three_phase_flt5zu_load_35nm,35.0,SubSys2,7,119,False,5,u,fault_test,11519,8069.58998951554,8069.58998951554,8069.589989515532,-8.185452315956354e-12,0.0,True,0.04,external_dual_three_phase
external_dual_three_phase_flt5zu_load_5nm,5.0,SubSys1,0,2,False,5,u,fault_test,9842,595.1780363000754,595.1780363000754,595.178036300077,1.5916157281026244e-12,0.0,False,0.64,external_dual_three_phase
external_dual_three_phase_flt5zu_load_5nm,5.0,SubSys2,1,29,False,5,u,fault_test,9989,684.3766552595646,684.3766552595646,684.3766552595638,-7.958078640513122e-13,0.0,False,0.52,external_dual_three_phase
external_dual_three_phase_flt5zu_load_5nm,5.0,SubSys2,2,44,False,5,u,fault_test,10004,1881.1889613246633,1881.1889613246635,1881.1889613246622,-1.1368683772161603e-12,-2.2737367544323206e-13,False,0.28,external_dual_three_phase
external_dual_three_phase_flt5zu_load_5nm,5.0,SubSys2,3,59,False,5,u,fault_test,10019,3578.0196794934827,3578.0196794934827,3578.019679493482,-9.094947017729282e-13,0.0,False,0.16,external_dual_three_phase
external_dual_three_phase_flt5zu_load_5nm,5.0,SubSys2,4,74,False,5,u,fault_test,10034,6166.147838320963,6166.147838320963,6166.147838320964,9.094947017729282e-13,0.0,True,0.04,external_dual_three_phase
external_dual_three_phase_flt5zu_load_5nm,5.0,SubSys2,5,89,False,5,u,fault_test,10049,9864.695764175027,9864.695764175029,9864.695764175027,0.0,-1.8189894035458565e-12,True,0.04,external_dual_three_phase
external_dual_three_phase_flt5zu_load_5nm,5.0,SubSys2,6,100,False,5,u,fault_test,10060,15484.128504471333,15484.128504471331,15484.128504471339,5.4569682106375694e-12,1.8189894035458565e-12,True,0.04,external_dual_three_phase
external_dual_three_phase_flt5zu_load_5nm,5.0,SubSys2,7,115,False,5,u,fault_test,10075,25615.368241352247,25615.368241352247,25615.368241352262,1.4551915228366852e-11,0.0,True,0.04,external_dual_three_phase
external_dual_three_phase_flt6zu_load_0nm,0.0,SubSys1,0,2,False,6,u,fault_test,11522,509.41026393763013,509.4102639376301,509.4102639376304,2.8421709430404007e-13,5.684341886080802e-14,False,0.72,external_dual_three_phase
external_dual_three_phase_flt6zu_load_0nm,0.0,SubSys2,1,29,False,6,u,fault_test,11669,1704.9107389896647,1704.9107389896649,1704.910738989668,3.410605131648481e-12,-2.2737367544323206e-13,False,0.28,external_dual_three_phase
external_dual_three_phase_flt6zu_load_0nm,0.0,SubSys2,2,44,False,6,u,fault_test,11684,4643.409495066948,4643.409495066948,4643.409495066949,9.094947017729282e-13,0.0,False,0.16,external_dual_three_phase
external_dual_three_phase_flt6zu_load_0nm,0.0,SubSys2,3,59,False,6,u,fault_test,11699,11787.63777231525,11787.63777231525,11787.637772315235,-1.4551915228366852e-11,0.0,True,0.04,external_dual_three_phase
external_dual_three_phase_flt6zu_load_0nm,0.0,SubSys2,4,74,False,6,u,fault_test,11714,20882.281069406927,20882.281069406927,20882.28106940689,-3.637978807091713e-11,0.0,True,0.04,external_dual_three_phase
external_dual_three_phase_flt6zu_load_0nm,0.0,SubSys2,5,86,False,6,u,fault_test,11726,30712.059103010208,30712.059103010208,30712.05910301023,2.1827872842550278e-11,0.0,True,0.04,external_dual_three_phase
external_dual_three_phase_flt6zu_load_0nm,0.0,SubSys2,6,91,False,6,u,fault_test,11731,31962.921791355297,31962.921791355297,31962.921791355308,1.0913936421275139e-11,0.0,True,0.04,external_dual_three_phase
external_dual_three_phase_flt6zu_load_0nm,0.0,SubSys2,7,107,False,6,u,fault_test,11747,27747.746371521178,27747.746371521174,27747.746371521203,2.546585164964199e-11,3.637978807091713e-12,True,0.04,external_dual_three_phase
external_dual_three_phase_flt6zu_load_10nm,10.0,SubSys1,0,2,False,6,u,fault_test,12002,593.3760731130752,593.3760731130752,593.3760731130752,0.0,0.0,False,0.64,external_dual_three_phase
external_dual_three_phase_flt6zu_load_10nm,10.0,SubSys2,1,29,False,6,u,fault_test,12149,491.3301554181624,491.3301554181624,491.33015541816025,-2.1600499167107046e-12,0.0,False,0.72,external_dual_three_phase
external_dual_three_phase_flt6zu_load_10nm,10.0,SubSys2,2,44,False,6,u,fault_test,12164,1027.7250763364075,1027.7250763364077,1027.7250763364061,-1.3642420526593924e-12,-2.2737367544323206e-13,False,0.4,external_dual_three_phase
external_dual_three_phase_flt6zu_load_10nm,10.0,SubSys2,3,59,False,6,u,fault_test,12179,1993.2623752540856,1993.2623752540856,1993.262375254085,-4.547473508864641e-13,0.0,False,0.28,external_dual_three_phase
external_dual_three_phase_flt6zu_load_10nm,10.0,SubSys2,4,74,False,6,u,fault_test,12194,3725.7611621457895,3725.7611621457895,3725.761162145794,4.547473508864641e-12,0.0,False,0.16,external_dual_three_phase
external_dual_three_phase_flt6zu_load_10nm,10.0,SubSys2,5,89,False,6,u,fault_test,12209,6073.219379404016,6073.219379404016,6073.219379404025,9.094947017729282e-12,0.0,True,0.04,external_dual_three_phase
external_dual_three_phase_flt6zu_load_10nm,10.0,SubSys2,6,104,False,6,u,fault_test,12224,9830.03940603641,9830.03940603641,9830.039406036392,-1.8189894035458565e-11,0.0,True,0.04,external_dual_three_phase
external_dual_three_phase_flt6zu_load_10nm,10.0,SubSys2,7,119,False,6,u,fault_test,12239,15284.187114685892,15284.187114685892,15284.187114685908,1.6370904631912708e-11,0.0,True,0.04,external_dual_three_phase
external_dual_three_phase_flt6zu_load_15nm,15.0,SubSys1,0,2,False,6,u,fault_test,12242,608.2642419812232,608.2642419812232,608.2642419812241,9.094947017729282e-13,0.0,False,0.64,external_dual_three_phase
external_dual_three_phase_flt6zu_load_15nm,15.0,SubSys2,1,29,False,6,u,fault_test,12389,419.44485784471397,419.444857844714,419.44485784471317,-7.958078640513122e-13,-5.684341886080802e-14,False,0.76,external_dual_three_phase
external_dual_three_phase_flt6zu_load_15nm,15.0,SubSys2,2,44,False,6,u,fault_test,12404,699.7781098097338,699.7781098097338,699.7781098097333,-4.547473508864641e-13,0.0,False,0.52,external_dual_three_phase
external_dual_three_phase_flt6zu_load_15nm,15.0,SubSys2,3,59,False,6,u,fault_test,12419,1383.7863095548073,1383.7863095548073,1383.7863095548084,1.1368683772161603e-12,0.0,False,0.36,external_dual_three_phase
external_dual_three_phase_flt6zu_load_15nm,15.0,SubSys2,4,74,False,6,u,fault_test,12434,2633.0886384200385,2633.0886384200385,2633.0886384200408,2.2737367544323206e-12,0.0,False,0.2,external_dual_three_phase
external_dual_three_phase_flt6zu_load_15nm,15.0,SubSys2,5,89,False,6,u,fault_test,12449,4477.767981879758,4477.767981879758,4477.767981879766,8.185452315956354e-12,0.0,False,0.16,external_dual_three_phase
external_dual_three_phase_flt6zu_load_15nm,15.0,SubSys2,6,104,False,6,u,fault_test,12464,7629.079452261711,7629.079452261711,7629.079452261713,2.7284841053187847e-12,0.0,True,0.04,external_dual_three_phase
external_dual_three_phase_flt6zu_load_15nm,15.0,SubSys2,7,119,False,6,u,fault_test,12479,12711.348574499496,12711.348574499496,12711.348574499492,-3.637978807091713e-12,0.0,True,0.04,external_dual_three_phase
external_dual_three_phase_flt6zu_load_20nm,20.0,SubSys1,0,2,False,6,u,fault_test,12482,619.7367256405701,619.7367256405701,619.7367256405697,-3.410605131648481e-13,0.0,False,0.64,external_dual_three_phase
external_dual_three_phase_flt6zu_load_20nm,20.0,SubSys2,1,29,False,6,u,fault_test,12629,341.01530114220805,341.01530114220805,341.01530114220895,9.094947017729282e-13,0.0,False,1.0,external_dual_three_phase
external_dual_three_phase_flt6zu_load_20nm,20.0,SubSys2,2,44,False,6,u,fault_test,12644,570.8623791054594,570.8623791054594,570.8623791054587,-6.821210263296962e-13,0.0,False,0.64,external_dual_three_phase
external_dual_three_phase_flt6zu_load_20nm,20.0,SubSys2,3,59,False,6,u,fault_test,12659,1049.2408485178667,1049.2408485178669,1049.2408485178655,-1.1368683772161603e-12,-2.2737367544323206e-13,False,0.4,external_dual_three_phase
external_dual_three_phase_flt6zu_load_20nm,20.0,SubSys2,4,74,False,6,u,fault_test,12674,2069.6422543596277,2069.642254359628,2069.6422543596273,-4.547473508864641e-13,-4.547473508864641e-13,False,0.28,external_dual_three_phase
external_dual_three_phase_flt6zu_load_20nm,20.0,SubSys2,5,89,False,6,u,fault_test,12689,3613.61361557417,3613.61361557417,3613.613615574173,2.7284841053187847e-12,0.0,False,0.16,external_dual_three_phase
external_dual_three_phase_flt6zu_load_20nm,20.0,SubSys2,6,104,False,6,u,fault_test,12704,6274.461568241345,6274.461568241345,6274.461568241347,1.8189894035458565e-12,0.0,True,0.04,external_dual_three_phase
external_dual_three_phase_flt6zu_load_20nm,20.0,SubSys2,7,119,False,6,u,fault_test,12719,11104.817600101169,11104.817600101169,11104.817600101176,7.275957614183426e-12,0.0,True,0.04,external_dual_three_phase
external_dual_three_phase_flt6zu_load_25nm,25.0,SubSys1,0,2,False,6,u,fault_test,12722,616.6079228738375,616.6079228738375,616.6079228738386,1.0231815394945443e-12,0.0,False,0.64,external_dual_three_phase
external_dual_three_phase_flt6zu_load_25nm,25.0,SubSys1,1,20,False,6,u,fault_test,12740,338.02869823582006,338.02869823582006,338.0286982358201,5.684341886080802e-14,0.0,False,1.0,external_dual_three_phase
external_dual_three_phase_flt6zu_load_25nm,25.0,SubSys2,2,44,False,6,u,fault_test,12884,441.0998351541967,441.0998351541967,441.0998351541966,-5.684341886080802e-14,0.0,False,0.76,external_dual_three_phase
external_dual_three_phase_flt6zu_load_25nm,25.0,SubSys2,3,59,False,6,u,fault_test,12899,887.7368077042751,887.7368077042751,887.736807704275,-1.1368683772161603e-13,0.0,False,0.4,external_dual_three_phase
external_dual_three_phase_flt6zu_load_25nm,25.0,SubSys2,4,74,False,6,u,fault_test,12914,1759.4423058872976,1759.4423058872976,1759.442305887296,-1.5916157281026244e-12,0.0,False,0.28,external_dual_three_phase
external_dual_three_phase_flt6zu_load_25nm,25.0,SubSys2,5,89,False,6,u,fault_test,12929,3110.680840633401,3110.680840633401,3110.680840633399,-2.2737367544323206e-12,0.0,False,0.16,external_dual_three_phase
external_dual_three_phase_flt6zu_load_25nm,25.0,SubSys2,6,104,False,6,u,fault_test,12944,5541.814292898646,5541.814292898646,5541.814292898641,-5.4569682106375694e-12,0.0,True,0.04,external_dual_three_phase
external_dual_three_phase_flt6zu_load_25nm,25.0,SubSys2,7,119,False,6,u,fault_test,12959,10178.581253574597,10178.581253574595,10178.581253574592,-5.4569682106375694e-12,1.8189894035458565e-12,True,0.04,external_dual_three_phase
external_dual_three_phase_flt6zu_load_30nm,30.0,SubSys2,0,1,False,6,u,fault_test,13081,616.9761943124593,616.9761943124593,616.9761943124593,0.0,0.0,False,0.64,external_dual_three_phase
external_dual_three_phase_flt6zu_load_30nm,30.0,SubSys1,1,20,False,6,u,fault_test,12980,338.114198594683,338.114198594683,338.11419859468293,-5.684341886080802e-14,0.0,False,1.0,external_dual_three_phase
external_dual_three_phase_flt6zu_load_30nm,30.0,SubSys2,2,44,False,6,u,fault_test,13124,444.34947286609935,444.34947286609935,444.34947286609946,1.1368683772161603e-13,0.0,False,0.76,external_dual_three_phase
external_dual_three_phase_flt6zu_load_30nm,30.0,SubSys2,3,59,False,6,u,fault_test,13139,781.5226927022,781.5226927022,781.5226927021993,-6.821210263296962e-13,0.0,False,0.48,external_dual_three_phase
external_dual_three_phase_flt6zu_load_30nm,30.0,SubSys2,4,74,False,6,u,fault_test,13154,1541.450501559601,1541.450501559601,1541.4505015596003,-6.821210263296962e-13,0.0,False,0.28,external_dual_three_phase
external_dual_three_phase_flt6zu_load_30nm,30.0,SubSys2,5,89,False,6,u,fault_test,13169,2773.4709050827055,2773.470905082705,2773.470905082707,1.3642420526593924e-12,4.547473508864641e-13,False,0.16,external_dual_three_phase
external_dual_three_phase_flt6zu_load_30nm,30.0,SubSys2,6,104,False,6,u,fault_test,13184,5202.457243635835,5202.457243635835,5202.45724363583,-4.547473508864641e-12,0.0,True,0.04,external_dual_three_phase
external_dual_three_phase_flt6zu_load_30nm,30.0,SubSys2,7,119,False,6,u,fault_test,13199,9463.362896174742,9463.362896174742,9463.36289617478,3.8198777474462986e-11,0.0,True,0.04,external_dual_three_phase
external_dual_three_phase_flt6zu_load_35nm,35.0,SubSys1,0,2,False,6,u,fault_test,13202,626.2250787956193,626.2250787956193,626.2250787956177,-1.5916157281026244e-12,0.0,False,0.6,external_dual_three_phase
external_dual_three_phase_flt6zu_load_35nm,35.0,SubSys1,1,20,False,6,u,fault_test,13220,339.7123603615606,339.7123603615606,339.71236036156057,-5.684341886080802e-14,0.0,False,1.0,external_dual_three_phase
external_dual_three_phase_flt6zu_load_35nm,35.0,SubSys2,2,44,False,6,u,fault_test,13364,374.6078941851662,374.6078941851662,374.60789418516606,-1.1368683772161603e-13,0.0,False,1.0,external_dual_three_phase
external_dual_three_phase_flt6zu_load_35nm,35.0,SubSys2,3,59,False,6,u,fault_test,13379,674.7151839988405,674.7151839988405,674.715183998841,4.547473508864641e-13,0.0,False,0.52,external_dual_three_phase
external_dual_three_phase_flt6zu_load_35nm,35.0,SubSys2,4,74,False,6,u,fault_test,13394,1337.981417409115,1337.981417409115,1337.9814174091166,1.5916157281026244e-12,0.0,False,0.36,external_dual_three_phase
external_dual_three_phase_flt6zu_load_35nm,35.0,SubSys2,5,89,False,6,u,fault_test,13409,2568.333355306855,2568.333355306855,2568.333355306851,-4.092726157978177e-12,0.0,False,0.28,external_dual_three_phase
external_dual_three_phase_flt6zu_load_35nm,35.0,SubSys2,6,104,False,6,u,fault_test,13424,4730.447784001675,4730.447784001675,4730.447784001673,-1.8189894035458565e-12,0.0,False,0.16,external_dual_three_phase
external_dual_three_phase_flt6zu_load_35nm,35.0,SubSys2,7,119,False,6,u,fault_test,13439,8339.401607931946,8339.401607931946,8339.401607931946,0.0,0.0,True,0.04,external_dual_three_phase
external_dual_three_phase_flt6zu_load_5nm,5.0,SubSys1,0,2,False,6,u,fault_test,11762,568.5892376663173,568.5892376663173,568.5892376663189,1.5916157281026244e-12,0.0,False,0.64,external_dual_three_phase
external_dual_three_phase_flt6zu_load_5nm,5.0,SubSys2,1,29,False,6,u,fault_test,11909,944.6427962094904,944.6427962094904,944.642796209491,6.821210263296962e-13,0.0,False,0.4,external_dual_three_phase
external_dual_three_phase_flt6zu_load_5nm,5.0,SubSys2,2,44,False,6,u,fault_test,11924,2158.9202596745527,2158.9202596745527,2158.920259674556,3.183231456205249e-12,0.0,False,0.28,external_dual_three_phase
external_dual_three_phase_flt6zu_load_5nm,5.0,SubSys2,3,59,False,6,u,fault_test,11939,3813.494573856278,3813.494573856278,3813.494573856282,4.092726157978177e-12,0.0,False,0.16,external_dual_three_phase
external_dual_three_phase_flt6zu_load_5nm,5.0,SubSys2,4,71,False,6,u,fault_test,11951,6337.452681113555,6337.452681113555,6337.452681113557,2.7284841053187847e-12,0.0,True,0.04,external_dual_three_phase
external_dual_three_phase_flt6zu_load_5nm,5.0,SubSys2,5,89,False,6,u,fault_test,11969,10422.54276135276,10422.54276135276,10422.542761352765,3.637978807091713e-12,0.0,True,0.04,external_dual_three_phase
external_dual_three_phase_flt6zu_load_5nm,5.0,SubSys2,6,100,False,6,u,fault_test,11980,16744.53589114261,16744.53589114261,16744.535891142597,-1.0913936421275139e-11,0.0,True,0.04,external_dual_three_phase
external_dual_three_phase_flt6zu_load_5nm,5.0,SubSys2,7,115,False,6,u,fault_test,11995,27246.693483267103,27246.693483267103,27246.693483267107,3.637978807091713e-12,0.0,True,0.04,external_dual_three_phase
